,Date,dp,dy,ep,de,svar,b.m,ntis
1284,12/1/1977,-3.013769898,-3.010926743,-2.167084033,-0.846685865,0.000626626,0.960333025,0.030475541
1285,1/1/1978,-2.941053121,-3.00454067,-2.102678631,-0.83837449,0.000908056,1.036731089,0.028814389
1286,2/1/1978,-2.906813633,-2.93188727,-2.076687983,-0.830125649,0.000669887,1.075567294,0.031169141
1287,3/1/1978,-2.922377223,-2.897751865,-2.100397171,-0.821980052,0.000622855,1.111492553,0.027569748
1288,4/1/1978,-2.996724194,-2.914760471,-2.172945649,-0.823778544,0.001741161,1.005350404,0.022945989
1289,5/1/1978,-2.993410824,-2.989185538,-2.167834524,-0.8255763,0.001085059,1.001415639,0.016559459
1290,6/1/1978,-2.968166392,-2.985908208,-2.140851566,-0.827314827,0.001027411,1.027901581,0.016523465
1291,7/1/1978,-3.013226483,-2.960719647,-2.183319909,-0.829906574,0.00084993,0.976260336,0.014671414
1292,8/1/1978,-3.031448244,-3.005854848,-2.198965854,-0.83248239,0.001002245,0.960060218,0.012025052
1293,9/1/1978,-3.016823033,-3.024110632,-2.181837425,-0.834985608,0.000948016,0.972257513,0.012726385
1294,10/1/1978,-2.917459991,-3.013501861,-2.064138936,-0.853321055,0.002100022,1.062275222,0.014375663
1295,11/1/1978,-2.930672505,-2.914169602,-2.059436024,-0.871236481,0.003180904,1.053527402,0.014113759
1296,12/1/1978,-2.942152551,-2.927373183,-2.053458052,-0.8886945,0.001665671,1.045701296,0.014874873
1297,1/1/1979,-2.972624953,-2.93364838,-2.06655189,-0.906073062,0.001001125,1.003074283,0.014449882
1298,2/1/1979,-2.926963773,-2.964173101,-2.004105171,-0.922858602,0.000814059,1.040775451,0.012292482
1299,3/1/1979,-2.97228648,-2.918601987,-2.03318107,-0.93910541,0.000800771,1.033078939,0.011731434
1300,4/1/1979,-2.965017792,-2.963345798,-2.01795159,-0.947066202,0.000646829,1.041876243,0.011631183
1301,5/1/1979,-2.929485735,-2.95617523,-1.974648809,-0.954836925,0.000924233,1.083141804,0.014245391
1302,6/1/1979,-2.958629167,-2.920701952,-1.996227083,-0.962402084,0.000571458,1.057863607,0.012127993
1303,7/1/1979,-2.95677465,-2.948067164,-1.989552762,-0.967221888,0.000707685,1.052314454,0.009737203
1304,8/1/1979,-2.998058431,-2.946341375,-2.02612797,-0.971930461,0.000506456,1.003458648,0.011604257
1305,9/1/1979,-2.987714738,-2.987714738,-2.011205146,-0.976509592,0.001233085,1.013794987,0.009439171
1306,10/1/1979,-2.908202142,-2.979274954,-1.934903376,-0.973298765,0.00258934,1.091945568,0.010247528
1307,11/1/1979,-2.94159168,-2.899850839,-1.971449225,-0.970142455,0.001558374,1.083115462,0.01081468
1308,12/1/1979,-2.949919972,-2.933291845,-1.982902478,-0.967017494,0.000469655,1.061950068,0.010549299
1309,1/1/1980,-2.997134798,-2.941109342,-2.029330796,-0.967804002,0.001906401,1.016954958,0.011297471
1310,2/1/1980,-2.984011681,-2.988401118,-2.015428849,-0.968582832,0.001897609,1.03192993,0.010827185
1311,3/1/1980,-2.86799686,-2.975353618,-1.898655757,-0.969341102,0.004621872,1.093732103,0.011877396
1312,4/1/1980,-2.900293808,-2.859977378,-1.946633903,-0.953659905,0.002745574,1.05181994,0.015346805
1313,5/1/1980,-2.937873917,-2.892355095,-1.999866955,-0.938006962,0.001509752,1.010048775,0.015051823
1314,6/1/1980,-2.956592365,-2.929980896,-2.034259319,-0.922333046,0.001371067,0.990183427,0.015304351
1315,7/1/1980,-3.012340207,-2.949329243,-2.103986224,-0.908353983,0.001362829,0.918829919,0.020154008
1316,8/1/1980,-3.010931361,-3.005112865,-2.116566071,-0.89436529,0.001708132,0.921519639,0.019949805
1317,9/1/1980,-3.028628378,-3.003772353,-2.148229474,-0.880398903,0.002657407,0.921687652,0.023796048
1318,10/1/1980,-3.039592272,-3.023698211,-2.160033549,-0.879558723,0.002190636,0.929593614,0.022769195
1319,11/1/1980,-3.132155077,-3.034686293,-2.253429008,-0.878726069,0.002419092,0.865161979,0.021949283
1320,12/1/1980,-3.092811843,-3.12727305,-2.214911001,-0.877900842,0.002951487,0.891503024,0.026816359
1321,1/1/1981,-3.039517615,-3.086339329,-2.17350202,-0.866015595,0.00159744,0.907238697,0.028695424
1322,2/1/1981,-3.046276088,-3.033086725,-2.192133574,-0.854142514,0.001530896,0.881815757,0.030009372
1323,3/1/1981,-3.075284905,-3.03988629,-2.233004159,-0.842280746,0.002075959,0.924920557,0.027939341
1324,4/1/1981,-3.045722616,-3.069457966,-2.199488262,-0.846234353,0.000832009,0.930593836,0.027352052
1325,5/1/1981,-3.038287297,-3.039945172,-2.188137848,-0.85014945,0.000921693,0.936223847,0.028844656
1326,6/1/1981,-3.022064825,-3.032527392,-2.168082447,-0.853982377,0.000995536,0.950474982,0.027893475
1327,7/1/1981,-3.013098824,-3.015311467,-2.160110273,-0.852988551,0.001102994,0.974966924,0.025590255
1328,8/1/1981,-2.942264458,-3.006375328,-2.09027944,-0.851985018,0.001824936,1.053354056,0.026991788
1329,9/1/1981,-2.880266337,-2.935601203,-2.029250593,-0.851015743,0.002761243,1.092378644,0.021483369
1330,10/1/1981,-2.922631571,-2.874653285,-2.07526617,-0.847365401,0.00207827,1.089085684,0.014897108
1331,11/1/1981,-2.953001852,-2.917065017,-2.109244141,-0.843757711,0.001504011,1.044455443,0.015672825
1332,12/1/1981,-2.916914306,-2.94745103,-2.076752382,-0.840161924,0.000905838,1.061142857,0.011909673
1333,1/1/1982,-2.894700048,-2.912399625,-2.071058176,-0.823641872,0.002521891,1.065893698,0.010700506
1334,2/1/1982,-2.827746922,-2.890205659,-2.020757362,-0.806989561,0.001918265,1.126287316,0.010506109
1335,3/1/1982,-2.81305351,-2.823272642,-2.022839036,-0.790214474,0.001795198,1.185750574,0.005548433
1336,4/1/1982,-2.847833614,-2.80859916,-2.076580643,-0.771252971,0.001246807,1.149983498,0.002923686
1337,5/1/1982,-2.803449766,-2.843399017,-2.051359057,-0.752090709,0.000854807,1.190423896,-0.000958184
1338,6/1/1982,-2.778536491,-2.799034748,-2.045801558,-0.732734934,0.001490294,1.201581417,0.00121303
1339,7/1/1982,-2.753326377,-2.776585385,-2.036993678,-0.716332699,0.000958581,1.206529805,-0.011551892
1340,8/1/1982,-2.861094891,-2.751364443,-2.161394421,-0.69970047,0.006415949,1.082424471,-0.00285763
1341,9/1/1982,-2.86673698,-2.859151398,-2.18386135,-0.68287563,0.00213126,1.088535565,0.000550709
1342,10/1/1982,-2.970446999,-2.865759356,-2.311426698,-0.659020302,0.006125979,0.983745412,0.006557832
1343,11/1/1982,-3.004970717,-2.9694849,-2.370318163,-0.634652554,0.005491651,0.938726811,0.000958155
1344,12/1/1982,-3.019039328,-3.003994986,-2.409337045,-0.609702282,0.002490242,0.932214727,0.002990054
1345,1/1/1983,-3.049702382,-3.017105246,-2.447750112,-0.60195227,0.003280873,0.906944315,0.00219476
1346,2/1/1983,-3.066574561,-3.047757534,-2.472425096,-0.594149464,0.001911616,0.876849239,0.000355881
1347,3/1/1983,-3.097206812,-3.064647959,-2.510868373,-0.586338439,0.001571824,0.780067786,0.005993542
1348,4/1/1983,-3.16800836,-3.09576068,-2.578561225,-0.589447135,0.001423778,0.71888762,0.006626844
1349,5/1/1983,-3.154141036,-3.166564317,-2.561611747,-0.592529289,0.001084624,0.734595577,0.010428913
1350,6/1/1983,-3.187316753,-3.152699075,-2.591715679,-0.595601074,0.001399148,0.721382042,0.015826551
1351,7/1/1983,-3.15086769,-3.184439053,-2.539518229,-0.611349462,0.002292858,0.735061123,0.025380209
1352,8/1/1983,-3.159253566,-3.147998248,-2.532495711,-0.626757855,0.001369031,0.724822392,0.019474631
1353,9/1/1983,-3.166499237,-3.156392334,-2.524645351,-0.641853886,0.001057274,0.714847583,0.023142101
1354,10/1/1983,-3.146932048,-3.16222268,-2.491226794,-0.655705254,0.001115354,0.719474372,0.024707395
1355,11/1/1983,-3.159949477,-3.142673702,-2.490690169,-0.669259308,0.000836286,0.690819893,0.026600632
1356,12/1/1983,-3.146835801,-3.155709188,-2.464323247,-0.682512554,0.000528107,0.700359118,0.02702048
1357,1/1/1984,-3.133354655,-3.142613416,-2.426260247,-0.707094408,0.000794619,0.722197644,0.03069926
1358,2/1/1984,-3.089515541,-3.129150023,-2.358628033,-0.730887509,0.002019467,0.763448031,0.026663092
1359,3/1/1984,-3.098736254,-3.085328515,-2.344800612,-0.753935643,0.001354587,0.762475427,0.02406674
1360,4/1/1984,-3.098174354,-3.092723725,-2.329928357,-0.768245997,0.00103554,0.758658979,0.022643862
1361,5/1/1984,-3.030992987,-3.092183998,-2.248812974,-0.782180013,0.000933049,0.803910033,0.021473773
1362,6/1/1984,-3.042370427,-3.025051981,-2.246602458,-0.795767968,0.001675744,0.784351819,0.001264016
1363,7/1/1984,-3.022600023,-3.039188081,-2.222634293,-0.79996573,0.000865665,0.796391938,-0.001902945
1364,8/1/1984,-3.120464344,-3.01941418,-2.316358417,-0.804105927,0.003126833,0.72542838,-0.003137799
1365,9/1/1984,-3.113816378,-3.117302168,-2.305599868,-0.80821651,0.000943209,0.736050915,-0.009492547
1366,10/1/1984,-3.107003951,-3.107064158,-2.303928641,-0.803075311,0.001291861,0.735642466,-0.01352848
1367,11/1/1984,-3.085069375,-3.100297018,-2.287098588,-0.797970787,0.001020283,0.747051996,-0.021877207
1368,12/1/1984,-3.100534865,-3.078407125,-2.307620471,-0.792914394,0.001190055,0.733098377,-0.027196787
1369,1/1/1985,-3.166270276,-3.094801003,-2.384108326,-0.78216195,0.001635854,0.690255446,-0.029905005
1370,2/1/1985,-3.169202999,-3.160555975,-2.397805316,-0.771397683,0.000745303,0.691739161,-0.024518918
1371,3/1/1985,-3.160604828,-3.163534221,-2.399945419,-0.760659409,0.000802261,0.723645779,-0.024815769
1372,4/1/1985,-3.152520398,-3.157125249,-2.411331068,-0.741189329,0.000459898,0.72866159,-0.022411793
1373,5/1/1985,-3.20170673,-3.149065849,-2.480222307,-0.721484423,0.000833861,0.696892984,-0.025480931
1374,6/1/1985,-3.210312129,-3.198251154,-2.508802082,-0.701510047,0.000741523,0.686430144,-0.026607514
1375,7/1/1985,-3.201159707,-3.206019032,-2.512092468,-0.689067239,0.000718633,0.68032209,-0.024638663
1376,8/1/1985,-3.184805085,-3.196872153,-2.508235563,-0.676569522,0.000629705,0.687176258,-0.024227473
1377,9/1/1985,-3.145207317,-3.18054859,-2.481178984,-0.664028333,0.000865848,0.68995883,-0.031294354
1378,10/1/1985,-3.184289648,-3.142659544,-2.536473925,-0.647815723,0.000911758,0.667025635,-0.027069342
1379,11/1/1985,-3.244781024,-3.181748351,-2.613354005,-0.631427019,0.000943072,0.622703158,-0.027715873
1380,12/1/1985,-3.286321509,-3.242246168,-2.671478042,-0.614843466,0.001230101,0.592692688,-0.019465082
1381,1/1/1986,-3.283634725,-3.281270993,-2.675897273,-0.607737451,0.001920144,0.5835174,-0.019171777
1382,2/1/1986,-3.347659121,-3.278609589,-2.747006539,-0.600652582,0.001089309,0.536376722,-0.017914257
1383,3/1/1986,-3.394106632,-3.342659111,-2.800518045,-0.593588588,0.001373753,0.519627628,-0.016419622
1384,4/1/1986,-3.376533766,-3.390782985,-2.781918797,-0.594614969,0.002458975,0.529714459,-0.024584783
1385,5/1/1986,-3.422242017,-3.373233515,-2.826589284,-0.595652733,0.001369939,0.503540771,-0.021871955
1386,6/1/1986,-3.432951224,-3.418940276,-2.836287751,-0.596663473,0.001596568,0.499281457,-0.012293237
1387,7/1/1986,-3.367144647,-3.427619782,-2.772642933,-0.594501714,0.002415862,0.532301401,-0.011286033
1388,8/1/1986,-3.430601884,-3.361829264,-2.838262642,-0.592339243,0.001260621,0.497803344,-0.009676952
1389,9/1/1986,-3.336016019,-3.425326756,-2.745802168,-0.590213851,0.004207378,0.534629267,-0.00513866
1390,10/1/1986,-3.387273134,-3.333988913,-2.807424082,-0.579849052,0.000990613,0.503245802,-0.008024504
1391,11/1/1986,-3.406512017,-3.385262231,-2.83708851,-0.569423507,0.001730878,0.493671085,-0.002124438
1392,12/1/1986,-3.37579699,-3.404493072,-2.816871572,-0.558925419,0.001262324,0.498430866,-0.011375999
1393,1/1/1987,-3.49716452,-3.373384444,-2.926477712,-0.570686808,0.002478285,0.437897351,-0.005840659
1394,2/1/1987,-3.531015961,-3.49475778,-2.948766768,-0.582249193,0.001412264,0.424911983,-0.004505936
1395,3/1/1987,-3.554662661,-3.528614999,-2.961031133,-0.593631527,0.001971102,0.428040214,-0.00221743
1396,4/1/1987,-3.535977994,-3.547494171,-2.96464204,-0.571335953,0.004193838,0.431471859,0.004493005
1397,5/1/1987,-3.534876518,-3.528860526,-2.986010637,-0.54886588,0.002489211,0.430490886,0.006940958
1398,6/1/1987,-3.574611361,-3.52780935,-3.04841157,-0.526199791,0.001070387,0.407892397,0.005202462
1399,7/1/1987,-3.616242109,-3.569145107,-3.062763491,-0.553478619,0.000818162,0.383543216,0.001882197
1400,8/1/1987,-3.64517889,-3.610817183,-3.065418446,-0.579760444,0.001776142,0.37045382,0.001997436
1401,9/1/1987,-3.615308733,-3.639771688,-3.01022324,-0.605085494,0.002534827,0.379966722,0.006350332
1402,10/1/1987,-3.364123616,-3.609551665,-2.730905619,-0.633217997,0.070945104,0.494850843,0.01047774
1403,11/1/1987,-3.269186902,-3.358399502,-2.608920302,-0.6602666,0.00678551,0.538027324,0.00989844
1404,12/1/1987,-3.333824731,-3.263495367,-2.64751129,-0.686313441,0.006852202,0.508812016,0.013274756
1405,1/1/1988,-3.368174187,-3.328537936,-2.666600093,-0.701574094,0.009157585,0.503773835,0.008422745
1406,2/1/1988,-3.403893119,-3.362926427,-2.687427561,-0.716465557,0.001967352,0.476197372,0.008792264
1407,3/1/1988,-3.364749729,-3.398661581,-2.633779459,-0.730970269,0.001659188,0.507529954,0.00608003
1408,4/1/1988,-3.363759824,-3.354379109,-2.589402732,-0.774357092,0.003459579,0.49647449,0.005063672
1409,5/1/1988,-3.356655734,-3.353484707,-2.541564193,-0.815091542,0.002555748,0.496770255,0.001347305
1410,6/1/1988,-3.388842573,-3.346495956,-2.535372806,-0.853469767,0.002361332,0.471118872,-0.005397921
1411,7/1/1988,-3.375141022,-3.380567051,-2.513774609,-0.861366413,0.001910623,0.473991535,-0.002823128
1412,8/1/1988,-3.327579249,-3.366944079,-2.458490523,-0.869088725,0.001390326,0.496640662,-0.006239752
1413,9/1/1988,-3.358398746,-3.319438379,-2.481785491,-0.876613255,0.001192751,0.477540454,-0.010001514
1414,10/1/1988,-3.37386177,-3.34822865,-2.492571177,-0.881290593,0.00163151,0.469597189,-0.010462473
1415,11/1/1988,-3.34473279,-3.363804423,-2.458869335,-0.885863456,0.001348001,0.47717911,-0.007764956
1416,12/1/1988,-3.349346127,-3.334765331,-2.459030881,-0.890315245,0.000628121,0.465283574,-0.021405748
1417,1/1/1989,-3.409162593,-3.340462625,-2.510892363,-0.89827023,0.000964584,0.430769494,-0.022360511
1418,2/1/1989,-3.370986076,-3.400357314,-2.464957412,-0.906028664,0.00117607,0.446778457,-0.024823372
1419,3/1/1989,-3.382850093,-3.362257653,-2.469260038,-0.913590055,0.001286451,0.468691414,-0.023102134
1420,4/1/1989,-3.419909014,-3.371033263,-2.51466825,-0.905240764,0.00095561,0.444435257,-0.022801967
1421,5/1/1989,-3.442764537,-3.408230192,-2.545751017,-0.89701352,0.001073057,0.433441526,-0.028036254
1422,6/1/1989,-3.423264348,-3.431220537,-2.534351157,-0.888913191,0.001429537,0.440562937,-0.023936641
1423,7/1/1989,-3.49624754,-3.411566065,-2.639461942,-0.856785598,0.001018823,0.404035089,-0.028525592
1424,8/1/1989,-3.500082017,-3.484684526,-2.67571482,-0.824367197,0.001380458,0.39272706,-0.024811706
1425,9/1/1989,-3.482085356,-3.48865118,-2.690448611,-0.791636744,0.000550205,0.39920975,-0.025736589
1426,10/1/1989,-3.446668638,-3.472166387,-2.676554438,-0.7701142,0.00563595,0.406414929,-0.02433982
1427,11/1/1989,-3.453253082,-3.43684709,-2.704704551,-0.748548531,0.000844816,0.397225702,-0.027022111
1428,12/1/1989,-3.464717746,-3.443527059,-2.737774552,-0.726943194,0.000923443,0.390454744,-0.012323107
1429,1/1/1990,-3.385516307,-3.456815985,-2.684119796,-0.701396511,0.002892101,0.414971396,-0.013791937
1430,2/1/1990,-3.386188106,-3.3776854,-2.710584368,-0.675603738,0.001008572,0.40917309,-0.011625709
1431,3/1/1990,-3.402374753,-3.37840921,-2.752840316,-0.649534437,0.001032254,0.471333956,-0.010275461
1432,4/1/1990,-3.365010053,-3.392265221,-2.731913389,-0.633096664,0.000966789,0.480284256,-0.010132826
1433,5/1/1990,-3.443002613,-3.355001701,-2.82627817,-0.616724443,0.001361474,0.443569974,-0.001961175
1434,6/1/1990,-3.424167413,-3.433093437,-2.823761478,-0.600405935,0.001350807,0.442949432,-0.00047416
1435,7/1/1990,-3.414055206,-3.419292067,-2.811026925,-0.603028281,0.001298437,0.439212447,0.004918902
1436,8/1/1990,-3.310140689,-3.409203514,-2.704522206,-0.605618483,0.005827787,0.488073563,0.001476804
1437,9/1/1990,-3.252771743,-3.305312421,-2.644594606,-0.608177137,0.001984821,0.520289666,0.001391613
1438,10/1/1990,-3.238977839,-3.245698625,-2.64402425,-0.594953589,0.004492789,0.522451921,-0.00045175
1439,11/1/1990,-3.290161239,-3.231954399,-2.708424239,-0.581737,0.002439904,0.498505655,0.00092778
1440,12/1/1990,-3.307711341,-3.283186784,-2.739175853,-0.568535488,0.000794597,0.48449686,-0.001828469
1441,1/1/1991,-3.347728686,-3.307049637,-2.786120979,-0.561607708,0.003193592,0.4663078,0.000648772
1442,2/1/1991,-3.412181837,-3.34706742,-2.857545729,-0.554636108,0.002431299,0.442720441,0.001178977
1443,3/1/1991,-3.433480963,-3.411521008,-2.885851315,-0.547629648,0.001375058,0.4571256,0.003262045
1444,4/1/1991,-3.432812192,-3.432465789,-2.910854515,-0.521957677,0.002072789,0.461239599,0.005740771
1445,5/1/1991,-3.46964163,-3.431789807,-2.973986495,-0.495655135,0.001585206,0.439966969,0.006798781
1446,6/1/1991,-3.419551011,-3.468628521,-2.950844839,-0.468706171,0.001179879,0.458243743,0.014082172
1447,7/1/1991,-3.459924196,-3.416041904,-3.022412368,-0.437511828,0.001105341,0.440356782,0.014676843
1448,8/1/1991,-3.475893786,-3.456435535,-3.070344206,-0.40554958,0.002037667,0.437639637,0.017176133
1449,9/1/1991,-3.453079776,-3.472409107,-3.080323028,-0.372756748,0.00047469,0.441531837,0.022991536
1450,10/1/1991,-3.466827055,-3.455036883,-3.127333395,-0.33949366,0.001125638,0.434003454,0.025218487
1451,11/1/1991,-3.423865899,-3.468788,-3.118911351,-0.304954548,0.002049026,0.46015449,0.030383515
1452,12/1/1991,-3.531620203,-3.425830697,-3.262590064,-0.269030139,0.002049522,0.420344417,0.031537729
1453,1/1/1992,-3.508222728,-3.528323177,-3.23791026,-0.270312468,0.000872455,0.413229679,0.031664925
1454,2/1/1992,-3.514447756,-3.504928396,-3.242864935,-0.271582821,0.000913236,0.407630525,0.033284242
1455,3/1/1992,-3.489098676,-3.511172356,-3.216253489,-0.272845187,0.00046976,0.402106034,0.041628264
1456,4/1/1992,-3.516714941,-3.489204167,-3.226210769,-0.290504172,0.001661052,0.387303472,0.038393921
1457,5/1/1992,-3.517792066,-3.516828559,-3.209929565,-0.307862501,0.000690033,0.382998516,0.037081356
1458,6/1/1992,-3.500386295,-3.51789758,-3.175460049,-0.324926246,0.000752919,0.392042354,0.042936625
1459,7/1/1992,-3.536977493,-3.49835913,-3.194908496,-0.342068997,0.000897481,0.3833487,0.041361011
1460,8/1/1992,-3.510664249,-3.534954429,-3.151808983,-0.358855265,0.000369559,0.399405037,0.042827463
1461,9/1/1992,-3.517709684,-3.508645269,-3.142411334,-0.375298349,0.000872212,0.397656972,0.041134984
1462,10/1/1992,-3.520080011,-3.517975955,-3.125299866,-0.394780145,0.000944149,0.403251178,0.04097304
1463,11/1/1992,-3.550167347,-3.520354426,-3.136259549,-0.413907798,0.0005081,0.393626459,0.037870724
1464,12/1/1992,-3.560490821,-3.550433763,-3.127812247,-0.432678575,0.00047154,0.394109614,0.03871373
1465,1/1/1993,-3.564988023,-3.557966759,-3.121822658,-0.443165365,0.000348846,0.393048105,0.041639223
1466,2/1/1993,-3.572891323,-3.562462282,-3.119407958,-0.453483365,0.001146872,0.385960197,0.040615568
1467,3/1/1993,-3.588904593,-3.570379959,-3.125251723,-0.46365287,0.001004723,0.333613526,0.036995019
1468,4/1/1993,-3.561981935,-3.587727307,-3.108111819,-0.453870115,0.001004798,0.334349806,0.039700073
1469,5/1/1993,-3.583277292,-3.560814028,-3.13925525,-0.444022042,0.000817304,0.324882422,0.040144274
1470,6/1/1993,-3.582857714,-3.582102762,-3.148766374,-0.43409134,0.000573817,0.325931248,0.041047893
1471,7/1/1993,-3.57762023,-3.582961528,-3.124972476,-0.452647753,0.000608962,0.323777031,0.040900205
1472,8/1/1993,-3.611584499,-3.577732042,-3.140706673,-0.470877827,0.000281578,0.313864983,0.040165971
1473,9/1/1993,-3.601650203,-3.611688336,-3.112872716,-0.488777487,0.000470665,0.322351822,0.04174737
1474,10/1/1993,-3.619317022,-3.600109733,-3.108197941,-0.511119081,0.000314205,0.311362833,0.040380917
1475,11/1/1993,-3.604776219,-3.617770959,-3.071873538,-0.532902681,0.000576328,0.311079411,0.043853595
1476,12/1/1993,-3.613281084,-3.603240493,-3.059120922,-0.554160162,0.000269686,0.305267223,0.045746805
1477,1/1/1994,-3.641828029,-3.609844205,-3.07869689,-0.563131139,0.000423486,0.288058567,0.043688823
1478,2/1/1994,-3.607889366,-3.638395025,-3.035930988,-0.571958378,0.001026088,0.299058821,0.045059994
1479,3/1/1994,-3.557650101,-3.604475976,-2.976997768,-0.580652333,0.000892131,0.307483805,0.041915421
1480,4/1/1994,-3.565760021,-3.554295382,-2.952566661,-0.61319336,0.001373677,0.303664786,0.03986253
1481,5/1/1994,-3.574767178,-3.562424336,-2.930257738,-0.64450944,0.000750498,0.297469476,0.039657323
1482,6/1/1994,-3.544256671,-3.571434791,-2.869588491,-0.67466818,0.000797104,0.308417077,0.034010352
1483,7/1/1994,-3.572958854,-3.541976453,-2.872785892,-0.700172962,0.00032727,0.296985381,0.031220225
1484,8/1/1994,-3.607628062,-3.570676067,-2.882704069,-0.724923993,0.000560379,0.285683819,0.028715033
1485,9/1/1994,-3.578091838,-3.605358212,-2.829115508,-0.74897633,0.000801876,0.290904659,0.029013377
1486,10/1/1994,-3.59236327,-3.571743541,-2.810627114,-0.781736156,0.001158422,0.286071274,0.026009668
1487,11/1/1994,-3.545741288,-3.586047378,-2.732684956,-0.813056331,0.000836383,0.298992614,0.022924616
1488,12/1/1994,-3.551696757,-3.53947263,-2.708638263,-0.843058493,0.000704927,0.2915683,0.016595794
1489,1/1/1995,-3.575684397,-3.551696757,-2.711606537,-0.86407786,0.000289389,0.290853734,0.015094079
1490,2/1/1995,-3.611123108,-3.575684397,-2.726458614,-0.884664494,0.000472432,0.278730036,0.014533252
1491,3/1/1995,-3.638085575,-3.611123108,-2.733249723,-0.904835853,0.000484319,0.313876542,0.014397817
1492,4/1/1995,-3.660837029,-3.633260485,-2.741755813,-0.919081216,0.000256928,0.301994701,0.013013097
1493,5/1/1995,-3.691710605,-3.656042628,-2.758713181,-0.932997424,0.001011447,0.292264254,0.010737733
1494,6/1/1995,-3.707986958,-3.686931596,-2.761398696,-0.946588262,0.000696799,0.286429618,0.008267917
1495,7/1/1995,-3.733946352,-3.70266472,-2.785445454,-0.948500898,0.000773225,0.277160367,0.007059424
1496,8/1/1995,-3.728324582,-3.728644884,-2.777942245,-0.950382337,0.000206741,0.283046135,0.009120206
1497,9/1/1995,-3.762372925,-3.723058438,-2.810125052,-0.952247873,0.00038146,0.272494998,0.006377414
1498,10/1/1995,-3.752164534,-3.757156353,-2.816761121,-0.935403413,0.000487822,0.274420245,0.01222081
1499,11/1/1995,-3.787203902,-3.746975032,-2.868751769,-0.918452133,0.000546172,0.257168852,0.016872526
1500,12/1/1995,-3.799334672,-3.782041193,-2.897949959,-0.901384713,0.000820543,0.255026383,0.015526847
1501,1/1/1996,-3.8238233,-3.791726611,-2.929260738,-0.894562562,0.001383944,0.241877172,0.016131245
1502,2/1/1996,-3.823175358,-3.816265541,-2.935388201,-0.887787156,0.001267622,0.237894737,0.01680582
1503,3/1/1996,-3.823566765,-3.815681381,-2.942488907,-0.881077859,0.001741708,0.239299615,0.016895957
1504,4/1/1996,-3.832924982,-3.819582936,-2.947347649,-0.885577333,0.000981834,0.240075806,0.021130724
1505,5/1/1996,-3.851546086,-3.828949927,-2.961531866,-0.89001422,0.00112531,0.236923516,0.026397881
1506,6/1/1996,-3.849847928,-3.847593776,-2.955444248,-0.89440368,0.000394793,0.236443725,0.027195609
1507,7/1/1996,-3.793932701,-3.840760222,-2.898263744,-0.895668957,0.002355153,0.241819894,0.031114168
1508,8/1/1996,-3.803559134,-3.784919958,-2.906653219,-0.896905915,0.001121505,0.238061118,0.030865816
1509,9/1/1996,-3.847389917,-3.794633714,-2.949266489,-0.898123428,0.000686235,0.227297318,0.029555532
1510,10/1/1996,-3.867859796,-3.842064515,-2.950098191,-0.917761604,0.000606628,0.221747656,0.025627683
1511,11/1/1996,-3.933364821,-3.862555856,-2.99655161,-0.936813211,0.000703722,0.205007919,0.022040693
1512,12/1/1996,-3.90635559,-3.928095577,-2.951035193,-0.955320397,0.001709075,0.20734273,0.024100872
1513,1/1/1997,-3.9622952,-3.902784552,-2.997634458,-0.964660742,0.001360087,0.196240103,0.024380134
1514,2/1/1997,-3.964640253,-3.958730205,-2.990795188,-0.973845065,0.00147476,0.194395411,0.022885146
1515,3/1/1997,-3.917545942,-3.961094563,-2.934660236,-0.982885707,0.002001484,0.214780202,0.021119839
1516,4/1/1997,-3.972054266,-3.915290701,-2.988859993,-0.983194274,0.003005057,0.201741048,0.016916109
1517,5/1/1997,-4.026729543,-3.9698041,-3.043225712,-0.983503831,0.00200742,0.192878588,0.013265385
1518,6/1/1997,-4.067019483,-4.024484429,-3.083210044,-0.983809439,0.001974443,0.184287615,0.010847478
1519,7/1/1997,-4.138468957,-4.063247174,-3.157692274,-0.980776683,0.002010166,0.171964943,0.011607854
1520,8/1/1997,-4.07554237,-4.134704278,-3.097791359,-0.977751011,0.002464728,0.185505404,0.012892189
1521,9/1/1997,-4.123587352,-4.071798333,-3.148841917,-0.974745435,0.002626512,0.177967857,0.014650639
1522,10/1/1997,-4.084940189,-4.120026231,-3.121331248,-0.963608941,0.009363708,0.190000677,0.016280535
1523,11/1/1997,-4.125019604,-4.081398181,-3.17258337,-0.952436234,0.00266212,0.180746299,0.01568624
1524,12/1/1997,-4.137092815,-4.121483644,-3.195884433,-0.941208382,0.002249391,0.178800884,0.015578728
1525,1/1/1998,-4.144099202,-4.134000229,-3.207495122,-0.93660408,0.00246889,0.178840273,0.013758161
1526,2/1/1998,-4.209094578,-4.14101615,-3.277087556,-0.932007023,0.001053364,0.165463097,0.012073518
1527,3/1/1998,-4.254759432,-4.206021002,-3.327342286,-0.927417146,0.001136788,0.181140396,0.016505113
1528,4/1/1998,-4.257231289,-4.248195763,-3.341194655,-0.916036635,0.001614758,0.175872922,0.016426219
1529,5/1/1998,-4.231704778,-4.250710421,-3.327029168,-0.90467561,0.000958824,0.179102206,0.019098069
1530,6/1/1998,-4.263906552,-4.225226157,-3.370573262,-0.89333329,0.00209733,0.178060606,0.024030588
1531,7/1/1998,-4.248199927,-4.259883308,-3.366444648,-0.881755278,0.002228143,0.179438109,0.025362287
1532,8/1/1998,-4.086600515,-4.244186585,-3.21647346,-0.870127054,0.009334017,0.211432092,0.028529674
1533,9/1/1998,-4.14313571,-4.08260941,-3.284670448,-0.858465261,0.009970951,0.203248404,0.024092522
1534,10/1/1998,-4.219298019,-4.142064612,-3.365235733,-0.854062286,0.005171595,0.185519077,0.020749215
1535,11/1/1998,-4.275665958,-4.218221886,-3.426020177,-0.84964578,0.001936735,0.174846845,0.022012342
1536,12/1/1998,-4.329440683,-4.274597156,-3.484217925,-0.845222759,0.003286907,0.173611315,0.020063255
1537,1/1/1999,-4.364415134,-4.324224303,-3.518504713,-0.845910421,0.003335623,0.170320619,0.015593995
1538,2/1/1999,-4.326416844,-4.359231935,-3.479817612,-0.846599232,0.00348213,0.17127681,0.018454372
1539,3/1/1999,-4.359314892,-4.321254292,-3.512043087,-0.847271805,0.003213553,0.172897171,0.02067722
1540,4/1/1999,-4.396574946,-4.359333131,-3.526615204,-0.869959742,0.002726647,0.156825876,0.025189138
1541,5/1/1999,-4.371311799,-4.396599265,-3.479160584,-0.892151215,0.003085638,0.160231135,0.025905064
1542,6/1/1999,-4.424338278,-4.371330038,-3.510482414,-0.913855863,0.002409247,0.154227447,0.018875065
1543,7/1/1999,-4.387865794,-4.420436609,-3.454301734,-0.933564061,0.001611182,0.158796473,0.0194362
1544,8/1/1999,-4.377699478,-4.383973257,-3.424962682,-0.952736796,0.002729877,0.156243027,0.018954018
1545,9/1/1999,-4.344860777,-4.373828044,-3.373450177,-0.9714106,0.002704945,0.163684498,0.020456807
1546,10/1/1999,-4.404501492,-4.343839725,-3.402688665,-1.001812827,0.004875934,0.157690661,0.020519034
1547,11/1/1999,-4.422363954,-4.403481481,-3.391103135,-1.031260819,0.001354258,0.155545967,0.018352755
1548,12/1/1999,-4.477577783,-4.421344983,-3.417770925,-1.059806858,0.001148772,0.147167259,0.017960236
1549,1/1/2000,-4.423938055,-4.476182878,-3.3464707,-1.077467355,0.005206354,0.15465416,0.025434163
1550,2/1/2000,-4.402226056,-4.422539119,-3.307460563,-1.094765493,0.003000422,0.167056433,0.027497276
1551,3/1/2000,-4.493158852,-4.40083504,-3.381428512,-1.11173034,0.00667834,0.149973562,0.018361895
1552,4/1/2000,-4.463030952,-4.49431093,-3.343823146,-1.119207806,0.007941721,0.152600418,0.012023318
1553,5/1/2000,-4.44203164,-4.464190338,-3.31537688,-1.12665476,0.005185498,0.155668731,0.009257828
1554,6/1/2000,-4.466838016,-4.443186385,-3.332782155,-1.134055861,0.002359743,0.156777962,0.007202676
1555,7/1/2000,-4.457511302,-4.473987555,-3.304943504,-1.152567798,0.002065471,0.155674151,0.004733518
1556,8/1/2000,-4.523640483,-4.464712326,-3.352635035,-1.171005448,0.001039275,0.146053064,0.004689216
1557,9/1/2000,-4.475927445,-4.530893738,-3.286558838,-1.189368607,0.001599983,0.153789463,0.004483647
1558,10/1/2000,-4.472514544,-4.477476329,-3.304831372,-1.167683172,0.005568073,0.149300789,0.003757727
1559,11/1/2000,-4.390615833,-4.474071967,-3.24516421,-1.145451623,0.003272437,0.157280893,0.001169294
1560,12/1/2000,-4.396214732,-4.392169539,-3.273576109,-1.122638623,0.005299359,0.151851504,-0.002250628
1561,1/1/2001,-4.43638656,-4.402336313,-3.338498019,-1.097888541,0.004941048,0.150449666,-0.003181855
1562,2/1/2001,-4.345720977,-4.442552067,-3.273522095,-1.072198882,0.002528447,0.156070091,-0.006844705
1563,3/1/2001,-4.28555993,-4.351918474,-3.240066952,-1.045492978,0.007139632,0.133113551,-0.005200218
1564,4/1/2001,-4.365576321,-4.29156931,-3.379629433,-0.985946888,0.00742621,0.122496901,-0.002542961
1565,5/1/2001,-4.376692984,-4.371615696,-3.454865607,-0.921827376,0.002536247,0.120510188,-0.000248912
1566,6/1/2001,-4.357453947,-4.38277543,-3.504996472,-0.852457474,0.001508369,0.125209433,0.005047094
1567,7/1/2001,-4.345558979,-4.356389869,-3.574111121,-0.771447858,0.002899595,0.124966583,0.007914946
1568,8/1/2001,-4.278246789,-4.344502394,-3.594748858,-0.683497931,0.002221486,0.132164144,0.00991962
1569,9/1/2001,-4.191928349,-4.277184964,-3.604664331,-0.587264018,0.007167587,0.148628588,0.008667955
1570,10/1/2001,-4.209782928,-4.191845739,-3.666161127,-0.543621801,0.003249758,0.1449014,0.010749105
1571,11/1/2001,-4.282178321,-4.209693971,-3.784185421,-0.4979929,0.002189351,0.133481367,0.011161655
1572,12/1/2001,-4.289641018,-4.282095726,-3.839447958,-0.45019306,0.001797955,0.131217846,0.013466976
1573,1/1/2002,-4.274154323,-4.289850697,-3.823617935,-0.450536388,0.002183889,0.132560549,0.011193753
1574,2/1/2002,-4.253385515,-4.274370402,-3.802495369,-0.450890146,0.002567832,0.130119086,0.012501845
1575,3/1/2002,-4.28967536,-4.253595283,-3.838441833,-0.451233527,0.002014824,0.236833402,0.013761769
1576,4/1/2002,-4.219764024,-4.283148707,-3.747898932,-0.471865093,0.002319717,0.247732313,0.015110701
1577,5/1/2002,-4.204156751,-4.213279693,-3.71233588,-0.491820871,0.004101625,0.248255614,0.022285721
1578,6/1/2002,-4.122489749,-4.197714195,-3.611352434,-0.511137315,0.003707969,0.266572502,0.027526749
1579,7/1/2002,-4.045200303,-4.127490072,-3.488749401,-0.556450902,0.015342791,0.282032195,0.028450604
1580,8/1/2002,-4.055095299,-4.050225755,-3.45486806,-0.60022724,0.009409278,0.284411556,0.024714562
1581,9/1/2002,-3.943597231,-4.060146134,-3.301014051,-0.64258318,0.007366061,0.324555156,0.029245084
1582,10/1/2002,-4.020712001,-3.937809846,-3.411479697,-0.609232304,0.011589679,0.293437064,0.025638996
1583,11/1/2002,-4.070464758,-4.014964174,-3.495321585,-0.575143173,0.004449081,0.276975499,0.022876054
1584,12/1/2002,-4.002514281,-4.064743558,-3.462263953,-0.540250328,0.00263948,0.295385896,0.025698438
1585,1/1/2003,-3.971611002,-3.999408496,-3.40201576,-0.569595242,0.005167513,0.305942307,0.028253968
1586,2/1/2003,-3.951364988,-3.968514833,-3.353435251,-0.597929738,0.00256416,0.312251321,0.027871909
1587,3/1/2003,-3.95660125,-3.948278376,-3.331285317,-0.625315933,0.006136133,0.286117701,0.024058038
1588,4/1/2003,-4.035743588,-3.957816238,-3.363757622,-0.671985966,0.003064828,0.269654031,0.019930242
1589,5/1/2003,-4.086599541,-4.036953876,-3.369924881,-0.71667466,0.002228351,0.258375506,0.00640597
1590,6/1/2003,-4.099086369,-4.087817482,-3.33952723,-0.759559139,0.001997741,0.254488337,0.001217633
1591,7/1/2003,-4.106527817,-4.090444572,-3.317467377,-0.78906044,0.002046059,0.247643335,0.000229185
1592,8/1/2003,-4.115669324,-4.097953981,-3.298438535,-0.817230789,0.000966025,0.242856073,0.002913359
1593,9/1/2003,-4.095158171,-4.107174403,-3.250983129,-0.844175041,0.001869122,0.246541783,0.00732099
1594,10/1/2003,-4.132734259,-4.079229991,-3.220344958,-0.912389301,0.001407576,0.233308967,0.007210168
1595,11/1/2003,-4.124153197,-4.117049972,-3.149841689,-0.974311508,0.000919633,0.233754152,0.01000054
1596,12/1/2003,-4.158235764,-4.108716865,-3.127343482,-1.030892283,0.000893699,0.218739865,0.006945692
1597,1/1/2004,-4.163187153,-4.146058271,-3.122421427,-1.040765726,0.000978819,0.218027721,0.006842047
1598,2/1/2004,-4.163291269,-4.151156168,-3.112983327,-1.050307942,0.000610712,0.21605322,0.009327808
1599,3/1/2004,-4.134909089,-4.15140331,-3.075369574,-1.059539515,0.001981263,0.281731466,0.012245885
1600,4/1/2004,-4.107341143,-4.124274536,-3.032181936,-1.075159207,0.001230928,0.285371867,0.013729961
1601,5/1/2004,-4.108834951,-4.096823927,-3.018608578,-1.090226373,0.000977626,0.286411574,0.015145879
1602,6/1/2004,-4.11625101,-4.098421821,-3.011493431,-1.104757579,0.000770751,0.279631603,0.014497426
1603,7/1/2004,-4.071356282,-4.10624852,-2.967030046,-1.104326236,0.000777089,0.28778831,0.01472573
1604,8/1/2004,-4.063737572,-4.061452851,-2.959834358,-1.103903214,0.001442837,0.286820616,0.014283873
1605,9/1/2004,-4.063251595,-4.053931258,-2.959763322,-1.103488273,0.00070568,0.289485302,0.009135484
1606,10/1/2004,-4.072327187,-4.058410231,-2.969189769,-1.103137418,0.001230487,0.291009597,0.007430718
1607,11/1/2004,-4.105377928,-4.067509149,-3.002588115,-1.102789814,0.0008574,0.279831646,0.012180771
1608,12/1/2004,-4.132525483,-4.100582992,-3.030080068,-1.102445416,0.000727843,0.270619243,0.013000232
1609,1/1/2005,-4.093574501,-4.119190249,-2.995001125,-1.098573377,0.000821397,0.278179856,0.013589627
1610,2/1/2005,-4.099141693,-4.080414758,-3.004355254,-1.094786439,0.000834446,0.271041024,0.011793903
1611,3/1/2005,-4.06685013,-4.086152882,-2.975765069,-1.09108506,0.000859896,0.319856889,0.009134996
1612,4/1/2005,-4.035067405,-4.055380924,-2.938764914,-1.096302491,0.001825871,0.329624401,0.00797437
1613,5/1/2005,-4.053235643,-4.023723419,-2.951862775,-1.101372868,0.000859393,0.320965505,0.00587966
1614,6/1/2005,-4.041880993,-4.04202368,-2.935572391,-1.106308602,0.000542133,0.326979057,0.005362935
1615,7/1/2005,-4.068557322,-4.03322087,-2.954135976,-1.114421346,0.000649913,0.315734275,0.004490306
1616,8/1/2005,-4.048686086,-4.059971554,-2.926354334,-1.122331751,0.000696701,0.320533125,0.005417017
1617,9/1/2005,-4.047098313,-4.040173406,-2.917050782,-1.130047531,0.000659899,0.31789151,0.006736121
1618,10/1/2005,-4.01770024,-4.035600234,-2.882441463,-1.135258777,0.001817984,0.321808187,0.005761303
1619,11/1/2005,-4.040909551,-4.006328313,-2.900587995,-1.140321556,0.000539896,0.310914346,0.005781409
1620,12/1/2005,-4.028717144,-4.029669994,-2.883466177,-1.145250967,0.000433,0.313477957,0.003079044
1621,1/1/2006,-4.045380317,-4.020232356,-2.895148004,-1.150232312,0.000975388,0.309226258,-0.000412495
1622,2/1/2006,-4.037415484,-4.036962489,-2.882315189,-1.155100294,0.000648551,0.305610361,0.00206877
1623,3/1/2006,-4.040107048,-4.029072314,-2.880236938,-1.159870109,0.000545238,0.316009441,0.002177475
1624,4/1/2006,-4.04267983,-4.030597457,-2.88400527,-1.15867456,0.000599801,0.308841978,-0.003448736
1625,5/1/2006,-4.001859214,-4.033264127,-2.844356222,-1.157502992,0.001355149,0.314340308,-0.002630287
1626,6/1/2006,-3.992613677,-3.992527073,-2.836264759,-1.156348918,0.002102821,0.31485029,-0.002163705
1627,7/1/2006,-3.988356199,-3.983283274,-2.823244866,-1.165111333,0.001451665,0.313852175,-0.002346166
1628,8/1/2006,-4.000167361,-3.979116236,-2.826524714,-1.173642647,0.000469238,0.308461799,-0.008455935
1629,9/1/2006,-4.015277221,-3.991007845,-2.833333125,-1.181944096,0.000513377,0.300593284,-0.009413185
1630,10/1/2006,-4.035455834,-4.004433997,-2.851959154,-1.18349668,0.000450577,0.290599161,-0.00891706
1631,11/1/2006,-4.041065492,-4.024732987,-2.856047629,-1.185017864,0.000592203,0.287241868,-0.015093948
1632,12/1/2006,-4.042989224,-4.030452388,-2.856488538,-1.186500685,0.000357509,0.2816824,-0.01495576
