Date,Mkt-RF,SMB,HML,RMW,CMA,MMOM,PEAD,FIN,QMJ,BAB,MGMT,PERF,MKTRF,SMB*,IA,ROE,MKT,ME,LIQ,IFCR,CON
197706,0.0471,0.0207,-0.0064,0.0088,-0.0122,2.54E-05,0.002541969,-0.034968449,-0.008332775,-0.002228567,-0.009977358,0.010016022,0.0471,0.030424577,-0.00707,0.023207,0.047651,0.030879,0.0204,0.0677,0.051852683
197707,-0.0169,0.0182,-0.0059,0.0083,0.0001,0.0031,-0.007776274,-0.018042037,0.009183749,0.028602888,0.011124844,0.003183109,-0.0169,0.017352598,0.010109,0.017244,-0.016683,0.010201,0.0065,0.0078,-0.027274897
197708,-0.0175,0.0089,-0.0279,0.0096,-0.0062,-0.0177,0.019276072,-0.0042594,0.030539988,0.003436746,-0.006110231,0.026610632,-0.0175,0.013686004,-0.009455,0.013919,-0.018336,-0.002468,0.0295,-0.0177,0.006679837
197709,-0.0027,0.0156,-0.0049,0.0123,-0.0084,0.0205,0.010915376,-0.007109035,0.003504451,0.004117827,-0.001179169,0.017279133,-0.0027,0.008220165,-0.000675,0.013814,-0.002756,0.014464,0.0136,-0.0225,-0.013295635
197710,-0.0438,0.015,0.0172,-0.003,-0.0046,-0.0012,-0.008171563,0.016989125,0.010512497,0.001830078,0.008144809,0.003756798,-0.0438,0.018625778,-0.009678,-0.009867,-0.044223,0.015249,-0.0069,-0.0684,-0.025676538
197711,0.04,0.0362,0.0031,-0.0005,0.0065,0.022,0.034285656,0.015120393,-0.006435687,0.002795324,-0.009636226,0.016815088,0.04,0.054517269,0.012225,0.025396,0.040473,0.045697,-0.0001,0.0517,0.000841619
197712,0.0027,0.016,-0.0037,0.0094,-0.0065,0.0156,0.012445819,0.00471927,0.003708116,0.023692078,-0.006897661,0.019767203,0.0027,0.005652471,0.000406,0.012537,0.003518,0.014841,-0.0009,-0.0242,-0.040629553
197801,-0.0601,0.0269,0.0331,-0.0167,0.0153,-0.0072,0.004715229,0.02111816,-0.010831403,0.002343174,0.024962432,-0.012496779,-0.0601,0.029815172,0.009635,-0.017389,-0.060576,0.022854,0.005,-0.067,0.046622648
197802,-0.0138,0.0367,0.0076,0.0036,0.0104,0.019,-0.008987053,0.013689324,-0.000427321,0.014906454,0.014401487,-0.003292558,-0.0138,0.031445975,0.013186,0.000328,-0.014216,0.040613,-0.0021,-0.0208,-0.011908999
197803,0.0285,0.0372,0.012,-0.006,0.0188,0.0137,0.013287089,0.013731966,-0.014324801,0.016333055,0.016000358,-0.006683757,0.0285,0.03745789,0.025242,0.000076,0.028996,0.033861,0.0159,0.057,-0.005862939
197804,0.0788,-0.0031,-0.0354,0.0282,-0.0135,0.0085,0.006981509,0.014209377,0.030293191,0.032063802,-0.011758669,0.030743378,0.0788,-0.004547078,-0.003558,0.055256,0.077129,-0.001184,0.0346,0.1199,-0.028312701
197805,0.0176,0.0456,-0.0062,0.0027,0.0036,0.0285,0.008106591,0.019754466,0.005293821,0.022119808,-0.022048205,0.033555944,0.0176,0.044443099,0.009036,0.005053,0.017921,0.036678,0.012,0.0074,-0.009805463
197806,-0.0169,0.0159,0.0059,-0.0144,-0.0002,0.0278,0.014914945,-0.008436967,-0.003196045,0.020994443,-0.009991557,0.009610669,-0.0169,0.020518481,0.004242,0.01512,-0.01612,0.014324,0.009,-0.0326,-0.033753522
197807,0.0511,0.0015,-0.0111,0.0158,-0.0078,0.0423,0.032735397,0.011271651,0.012704216,0.003736011,0.005221137,0.029645457,0.0511,0.012870602,0.002623,0.018217,0.051158,0.001871,0.028,0.0673,-0.034310237
197808,0.0375,0.0493,-0.0046,0.0139,0.0042,0.0282,0.005536423,0.056747618,0.006387081,0.046494565,0.000929986,0.02259243,0.0375,0.043495071,0.011405,0.019173,0.036802,0.047046,-0.0009,0.06,-0.02061923
197809,-0.0143,-0.0028,0.0187,-0.0068,0.018,-0.0311,-0.020972586,-0.009410296,-0.009777388,0.023893631,0.010708129,-0.027084521,-0.0143,-0.013084864,0.002885,-0.035072,-0.012855,-0.007116,-0.0266,-0.0097,0.040877658
197810,-0.1191,-0.1005,0.0136,0.0017,0.0103,-0.0838,-0.007194276,0.008167851,0.033603631,-0.037531851,0.047271445,-0.027731356,-0.1191,-0.111007344,0.005923,-0.011784,-0.118495,-0.109541,0.0442,-0.1016,-0.007609785
197811,0.0271,0.0285,-0.0222,0.0109,-0.0121,0.0553,-0.019641022,-0.018256583,-0.005031361,-0.042139482,-0.036024924,0.035269198,0.0271,0.034805808,-0.010287,0.012866,0.026751,0.040703,-0.0355,0.0038,0.015664225
197812,0.0088,0.0107,-0.0219,0.0196,-0.0138,0.0305,0.008533276,0.007054117,0.023846889,0.002198208,0.000830163,0.031119032,0.0088,0.023587057,-0.01076,0.026649,0.010338,0.004922,0.002,-9.00E-04,-0.046934222
197901,0.0423,0.0384,0.0227,-0.025,0.0157,-0.0125,-0.017058088,0.023545351,-0.026946301,0.033404001,-0.009235307,-0.016818795,0.0423,0.037799482,0.016111,-0.012639,0.041607,0.042914,-0.0088,0.027,0.014847936
197902,-0.0356,0.0055,0.012,-0.0114,0.0104,-0.0103,0.011665796,0.005532866,-0.008881877,0.010367175,0.013502486,-0.012701992,-0.0356,-0.006439047,-0.004567,-0.023677,-0.03409,0.004282,-0.0287,-0.0494,0.027883544
197903,0.0568,0.0316,-0.0067,0.0062,0.0028,0.0289,0.010872607,0.019793032,-0.017241874,-0.013533424,-0.02070673,0.012564781,0.0568,0.033565831,0.007693,0.023422,0.05669,0.038385,-0.0061,0.0633,-0.014607669
197904,-0.0006,0.024,0.0105,0.0105,0.0021,0.008,-0.001342295,0.015185382,0.009538933,0.011289344,0.004437909,0.01060124,-0.0006,0.02185323,0.008201,0.018205,0.000033,0.023458,0.0167,0.016,0.000338859
197905,-0.0221,0.005,0.0192,-0.0088,-0.0084,-0.002,-0.0079895,-0.01097119,-0.01528259,-0.00123253,0.006691111,-0.000754465,-0.0221,-0.00435206,-0.00025,-0.006538,-0.021737,0.00539,-0.0223,0.0048,-0.001348429
197906,0.0385,0.0099,0.0148,-0.0161,-0.0045,0.0082,0.018269786,-0.022845338,-0.02943184,0.016492012,-0.001417508,-0.043574681,0.0385,0.012651881,-0.008437,-0.009508,0.038992,0.008784,-0.0166,0.0846,-0.008021881
197907,0.0082,0.0124,0.017,-0.002,0.0059,-0.0107,-7.97E-05,0.023776233,0.005734627,0.016003727,0.005229147,-0.018016799,0.0082,0.008530827,0.006917,0.006135,0.006581,0.012491,-0.0163,0.025,0.01632058
197908,0.0553,0.0197,-0.0155,0.0158,-0.0145,-0.0024,0.004388828,0.006209826,0.009980028,0.019564485,-0.027127409,0.025384724,0.0553,0.021909319,-0.004779,0.027849,0.057222,0.017003,0.015,0.0396,-0.0174175
197909,-0.0082,-0.0027,-0.0087,0.0102,0.0054,0.0534,0.005392565,-0.007396386,0.000547019,0.00393789,0.007214788,0.032900951,-0.0082,-0.005928214,-0.001337,0.007022,-0.006304,-0.000818,-0.0131,-0.0321,-0.025998082
197910,-0.081,-0.0346,-0.0186,0.0104,0.0024,0.0212,-0.003705683,-0.012810452,0.022134343,-0.0470251,0.00339671,0.028281948,-0.081,-0.032692709,0.000073,0.009844,-0.082281,-0.031572,0.0011,-0.1098,0.010819667
197911,0.0521,0.0244,-0.0325,0.0011,-0.02,0.0796,0.01462016,-0.024488874,-0.022131084,-0.016003002,-0.040573071,0.026785189,0.0521,0.022568487,-0.025071,0.022576,0.053725,0.021391,-0.0681,0.0522,-0.003465297
197912,0.0179,0.0434,-0.0198,-0.0067,-0.0101,0.0477,0.009184254,0.010911104,-0.012566145,0.008357882,-0.011585057,0.032872577,0.0179,0.034415509,-0.011265,0.012001,0.018003,0.039713,-0.0159,0.0248,-0.037652981
198001,0.0551,0.019,0.018,-0.0167,0.0201,0.0748,0.013128264,0.009773937,-0.027369926,0.026310745,0.009980345,0.041492375,0.0551,0.029236873,0.013972,0.017361,0.057639,0.007782,-0.0003,-0.0047,-0.06919296
198002,-0.0122,-0.0149,0.0062,0.0011,0.0304,0.0788,0.053521529,0.010723224,-0.02003907,-0.015324238,0.015901925,0.063182877,-0.0122,-0.013996122,0.016938,0.023214,-0.009639,-0.015603,0.0181,-0.0953,0.02737421
198003,-0.129,-0.0697,-0.0106,0.0138,-0.0134,-0.0958,-0.02870767,-0.000895638,0.047030482,-0.047090934,0.006559464,-0.064354891,-0.129,-0.066840339,0.00782,-0.011263,-0.132233,-0.065522,0.0313,-0.0066,-0.013993908
198004,0.0397,0.01,0.0106,-0.0209,0.0054,-0.0041,0.008945033,-0.041997085,-0.033720834,0.020881379,-0.014342116,-0.04420135,0.0397,0.009693451,0.012123,0.001583,0.039423,0.013333,-0.0103,0.083,0.008639905
198005,0.0526,0.021,0.0039,0.0031,-0.0047,-0.0111,0.005413682,0.036643778,0.006910566,0.036483373,-0.011940841,-0.009460453,0.0526,0.014555274,-0.013982,-0.009124,0.052207,0.014589,-0.0083,0.0633,0.025211952
198006,0.0306,0.0147,-0.0089,-0.0009,-0.0095,0.0159,0.003752427,0.005989635,-0.011145856,0.036928037,-0.008448785,0.003773823,0.0306,0.010580028,-0.011,0.030838,0.031402,0.01324,0.0115,0.0455,-0.006094113
198007,0.0649,0.0393,-0.063,0.0394,-0.0246,0.0039,-0.010713877,0.001796328,0.035135423,-0.009418458,-0.031554024,0.045354936,0.0649,0.035243404,-0.022277,-0.004002,0.064157,0.036646,-0.0088,0.0157,0.001655281
198008,0.018,0.0426,-0.0264,0.021,-0.008,0.032,0.012164432,0.008271692,-0.001185467,0.015236304,-0.024048989,0.0381268,0.018,0.037971921,0.006602,0.025091,0.01758,0.047297,0.0115,0.0022,0.008783791
198009,0.0219,0.0058,-0.0479,0.0203,-0.0281,0.0543,0.00451724,-0.00770181,0.011998265,0.012859699,-0.04250359,0.04996205,0.0219,0.0044191,-0.004959,0.051721,0.0208,0.008389,0.0113,-0.0138,0.018580071
198010,0.0106,0.0233,-0.0274,0.0167,-0.0122,0.0735,0.019816958,-0.021965313,0.00460151,-0.002188795,-0.020423317,0.040955939,0.0106,0.017467408,0.004772,0.040177,0.011181,0.011752,0.025,-0.009,0.068185397
198011,0.0959,-0.034,-0.0835,0.0453,-0.0574,0.1524,-0.031001662,-0.051579069,0.010008204,-0.062560404,-0.07204375,0.097070435,0.0959,-0.041431212,-0.020164,0.088994,0.096056,-0.049498,0.0283,0.0457,0.008241342
198012,-0.0452,-0.0031,0.0268,-0.0125,0.0118,-0.0666,0.004604209,0.01440083,0.008938577,0.009158151,0.03020065,-0.067623791,-0.0452,0.001216289,0.009472,-0.01307,-0.048558,0.010671,0.0286,0.1275,0.013388944
198101,-0.0504,0.0337,0.0684,-0.0354,0.0435,-0.079,0.035551878,0.040676308,-0.005520847,0.047138164,0.070427066,-0.044600849,-0.0504,0.030636504,0.024125,-0.048674,-0.050042,0.037157,0.0396,-0.0265,-0.02007604
198102,0.0057,-0.0049,0.0097,0.0019,0.0225,-0.0142,0.019923552,0.032305584,0.014480448,0.019599999,0.036040892,-0.004504024,0.0056,0.003019401,0.019667,0.007832,0.004836,-0.000624,0.0008,0.0382,0.003197125
198103,0.0356,0.0308,0.0067,-0.0234,-0.0053,0.0074,0.010343031,0.035742217,-0.011038191,0.036671215,-0.001357312,-0.00036435,0.0356,0.041436598,-0.017966,-0.013686,0.033027,0.034262,0.0178,0.0206,-0.014631573
198104,-0.0211,0.046,0.0226,0.0082,0.012,-0.0096,0.015897164,0.020877352,0.013367979,0.056691679,0.010469631,0.013082756,-0.021,0.060698851,0.023647,0.013111,-0.022024,0.041895,-0.0142,0.0197,-0.023442841
198105,0.0011,0.0245,-0.0043,0.0033,-0.016,0.0373,0.011940538,0.005168948,-0.014997005,-0.003580777,-0.011769827,0.015144033,0.0011,0.035119951,-0.005088,-0.000189,0.002905,0.024525,-0.0223,0.0755,0.016234354
198106,-0.0236,-0.0097,0.0513,-0.0135,0.0268,-0.0588,0.00016046,0.035257159,0.010392813,0.054433899,0.048572835,-0.044906896,-0.0236,-0.018613303,0.027112,0.000077,-0.0254,-0.007516,0.0586,0.004,-0.014452209
198107,-0.0154,-0.0197,-0.0066,0.0108,-0.0304,-0.025,0.000799084,-0.010420474,0.004779584,-0.013369019,-0.013084863,-0.002468332,-0.0154,-0.037877698,-0.019904,0.031611,-0.014995,-0.016054,-0.0145,-0.0427,0.001572254
198108,-0.0704,-0.0181,0.0484,-0.0025,0.0146,-0.0112,-0.003110954,0.0393583,0.005523088,0.020031312,0.030571301,-0.014975303,-0.0703,-0.006357549,0.011942,0.007535,-0.069083,-0.014014,-0.0025,-0.042,0.009076514
198109,-0.0717,-0.0249,0.052,-0.0002,0.0279,0.0198,0.006995216,0.041777896,0.007161498,-0.016216668,0.047689102,0.001573331,-0.0717,-0.005019187,0.035608,0.005845,-0.076566,-0.016974,0.0931,-0.0159,0.026316358
198110,0.0492,0.0224,-0.0421,0.0329,-0.0276,0.0405,0.032683287,-0.048192121,0.008321751,-0.019378011,-0.021338036,0.017264589,0.0492,0.014420581,-0.009604,0.047945,0.048477,0.019519,-0.0206,0.0739,-0.03979558
198111,0.0336,-0.0138,0.019,0.001,0.0063,-0.0024,-0.010363108,0.030789594,0.008823889,0.04369903,0.018438931,-0.012517309,0.0336,-0.021008786,0.006073,0.005523,0.034819,-0.014151,0.0621,0.0331,0.006307236
198112,-0.0365,0.0119,0.0074,0.0019,0.0241,0.0132,-0.002480404,0.014771707,0.018572265,0.022087442,0.028041955,0.025907794,-0.0365,0.024820567,0.018838,-0.005243,-0.036834,0.012871,0.0026,-0.0516,0.032410469
198201,-0.0324,-0.0118,0.0317,-0.0152,0.0208,0.0174,0.005140745,0.034528471,0.001180259,0.00023393,0.032989438,0.01950714,-0.0324,0.005591622,0.019967,-0.014831,-0.033515,-0.002848,-0.0204,-0.005,0.012622397
198202,-0.0586,0.0037,0.061,-0.0338,0.0457,0.0501,0.020895172,0.042906895,0.003916251,0.03022817,0.056865965,0.011411971,-0.0586,0.024524648,0.047247,0.00327,-0.060302,0.004994,-0.0134,-0.0115,-0.004874926
198203,-0.0187,0,0.0378,-0.0144,0.0237,0.0292,-0.003536663,0.041587962,-0.00617884,0.016439102,0.033191407,0.001835466,-0.0187,0.005024222,0.018303,-0.016613,-0.021176,0.006856,0.0421,-0.0335,-0.018213185
198204,0.0327,0.0115,-0.0278,0.0151,-0.0015,-0.0041,0.015700324,-0.023206399,0.013876087,0.021441586,-0.017546191,0.024517741,0.0327,0.026682722,0.012235,0.01893,0.031977,0.00469,-0.0235,0.0333,-0.015477043
198205,-0.0399,0.0056,0.0181,0.0091,-0.0009,0.0254,0.004863205,0.02112665,0.017277342,0.024799761,0.022500523,0.021541221,-0.0399,9.83E-05,-0.005415,-0.004843,-0.037804,-0.003986,0.0293,-0.097,0.011480896
198206,-0.0309,-0.0051,0.0154,0.0003,0.0272,0.05,0.025561236,0.044241589,0.007066616,-0.004936251,0.035585527,0.019433474,-0.0309,0.011597145,0.028005,0.001385,-0.034622,0.011354,0.0498,-0.0278,-0.011526774
198207,-0.0319,0.0095,0.0015,0.0103,0.0154,0.0447,0.030031312,0.008071984,0.01544879,0.01489342,0.018261873,0.050113351,-0.0319,0.032035462,0.020984,0.028813,-0.030736,0.017364,-0.0153,-0.0289,-0.052087039
198208,0.1114,-0.0429,0.0116,-0.0196,0.0018,-0.0352,-0.010044963,-0.041197582,-0.01612248,-0.022653224,-0.019366675,-0.009434054,0.1114,-0.045348661,-0.00524,-0.012378,0.110671,-0.034109,-0.0052,0.1332,-0.007470591
198209,0.0129,0.0257,0.0034,0.0212,-0.0004,0.0416,0.019497908,0.039649727,0.025684228,0.075464127,0.031442003,0.008359882,0.0129,0.037283823,0.010037,0.036253,0.011643,0.03158,0.0436,0.067,0.01712574
198210,0.113,0.0192,-0.0368,0.003,-0.0037,0.0003,1.89E-05,-0.062964009,-0.016060745,0.027813514,-0.037917083,-0.026160125,0.113,0.029657483,-0.010627,-0.007911,0.113161,0.008638,-0.0401,0.2651,0.039707151
198211,0.0467,0.0453,-0.0196,-0.0105,0.0032,0.0589,0.053521482,-0.032393366,0.018117295,0.067288844,-0.010951124,0.049101286,0.0467,0.050074487,0.01401,0.032276,0.044734,0.045172,0.0086,0.0801,0.004984459
198212,0.0055,-0.0001,0.0001,-0.0007,0.0103,0.0004,-0.029525261,0.023340308,0.008204289,0.030386581,0.008456398,0.030918125,0.0055,-0.002963541,0.004203,-0.007457,0.008227,-0.008142,-0.0306,-0.0683,0.015496775
198301,0.036,0.0328,-0.0086,-0.015,-0.0046,-0.0171,0.014472354,-0.055682335,-0.022271501,0.026829321,-0.019213675,0.003064869,0.036,0.014310083,-0.007363,-0.024907,0.034986,0.021224,-0.0526,0.0393,-0.006040431
198302,0.0259,0.029,0.0067,-0.0057,0.0102,0.0383,0.014991486,0.029556109,0.011509225,0.083257912,0.018483458,0.033433724,0.0259,0.028726283,0.015546,0.031079,0.024033,0.038331,-0.0307,0.0802,0.00476943
198303,0.0282,0.0142,0.0207,-0.0007,0.0281,0.0093,0.005309047,0.040760562,0.010554077,0.065308861,0.043632802,-0.023921764,0.0282,0.014371816,0.028076,0.012412,0.028347,0.016463,0.0423,0.0873,-0.003617542
198304,0.0667,0.0049,0.006,-0.0016,0.016,0.0181,0.007228697,0.021264652,-0.006477203,0.046668469,0.021620374,-0.008704373,0.0667,-0.015091629,0.021438,0.005924,0.06727,-0.00349,0.0379,0.1258,-0.007672759
198305,0.0052,0.0622,-0.014,-0.0185,-0.0153,-0.0157,-0.004083865,-0.029369218,-0.021242031,0.031268763,-0.031935589,-0.039697403,0.0052,0.050085958,-0.015267,-0.036447,0.005642,0.060475,0.0194,-0.0314,0.003978921
198306,0.0307,0.0115,-0.0387,0.0252,-0.0089,0.0177,0.017497508,0.005978713,0.02133598,0.028841761,-0.001390909,0.049928064,0.0307,0.00697016,-0.01105,0.016774,0.031177,0.021432,-0.0015,0.0083,0.004158857
198307,-0.0407,0.0098,0.0562,-0.0003,0.0284,-0.0316,0.015150269,0.03552742,0.000529384,0.037989099,0.042512321,-0.022403643,-0.0407,0.022612499,0.027744,0.01194,-0.038484,0.006786,0.0469,-0.0786,-0.033335514
198308,-0.005,-0.0434,0.0555,0.0045,0.0195,-0.0583,-0.013031048,0.038998627,0.008325551,-0.008786874,0.026049967,-0.025786534,-0.005,-0.045298245,0.011851,-0.004413,-0.004879,-0.046819,0.044,-0.006,0.013810208
198309,0.0091,0.0025,0.0109,0.0121,0.0059,-0.001,0.022126438,0.017066205,0.017475081,0.034663741,0.011290388,0.01034472,0.0092,0.016688868,0.013643,0.032812,0.008452,0.00427,0.0094,-0.0536,0.042335607
198310,-0.0344,-0.0382,0.0506,-0.0081,0.0297,-0.0457,0.018299452,0.042485069,0.014586212,0.034807469,0.045608797,-0.010022674,-0.0344,-0.035464802,0.026784,0.016645,-0.035507,-0.0383,0.0567,-0.0761,0.028838434
198311,0.0216,0.0188,-0.0062,-0.0048,0.0064,-0.0008,-0.000376364,-0.008749541,-0.001711077,-0.001266602,-0.004174964,-0.018190681,0.0216,0.016565898,0.011121,-0.002348,0.022357,0.020431,-0.0714,0.0926,0.002521993
198312,-0.0178,-0.0047,0.0167,0.0159,0.0121,0.0076,-0.000599677,0.041069327,0.019064447,0.013573057,0.045555401,-0.004624308,-0.0178,-0.00221657,0.013519,-0.015788,-0.017503,-0.011859,0.0486,-0.0071,0.011463341
198401,-0.0192,-0.0007,0.0763,-0.0093,0.03,-0.0251,-0.01549149,0.075721082,-0.021953359,0.032957904,0.066066582,-0.0544225,-0.0192,-0.013679471,0.023295,-0.037155,-0.021106,-0.009696,0.0692,0.0122,-0.001178636
198402,-0.0482,-0.0162,0.0336,0.0082,0.0157,0.0019,0.031185316,0.070777949,0.00900705,-0.019218496,0.031257116,0.002797613,-0.0482,-0.003739273,0.008932,-0.007526,-0.046401,-0.017824,0.0089,-0.0594,0.009321824
198403,0.0063,-0.0028,0.0048,-0.0093,0.0109,0.0109,-0.014398142,0.027657244,0.00158202,-0.002238426,0.024339793,-0.007395207,0.0063,-0.002310532,0.007314,-0.006049,0.006109,-0.00187,0.0048,0.0104,-0.021123665
198404,-0.0051,-0.0101,0.0129,0.0327,0.0076,0.0206,0.014819159,0.033499416,0.031807861,-0.001926478,0.019564656,0.047874628,-0.0052,-0.00605434,0.010318,0.021317,-0.005596,-0.009236,0.0047,-0.0284,-0.003213108
198405,-0.0597,0.0008,0.0026,0.0232,-0.005,0.0157,-0.006380987,0.007610636,0.028052745,0.01770689,0.010151986,0.048225577,-0.0597,0.001878958,-0.014965,0.01825,-0.06024,-0.003857,0.025,-0.127,-0.000556641
198406,0.0182,0.0007,-0.026,0.0308,-0.0151,-0.007,0.00061238,-0.009368053,0.021983134,0.007515126,-0.009900005,0.022877968,0.0182,0.004607846,-0.022294,0.018346,0.015851,0.004769,-0.004,0.0523,0.018649617
198407,-0.0274,-0.0222,0.0049,0.0369,-0.0217,0.0293,0.001613647,0.013636595,0.030746866,0.029084461,0.015930052,0.03214103,-0.0274,-0.015004223,-0.013051,0.036577,-0.029376,-0.022931,0.0159,-0.0402,-0.027211361
198408,0.1028,-0.003,-0.0185,-0.0089,-0.0081,-0.0565,-0.026970178,-0.036394498,-0.020056176,0.000257901,-0.036023028,-0.040796818,0.1028,-0.008455594,-0.004606,0.009456,0.104726,0.002344,-0.0318,0.1744,0.024119239
198409,-0.008,0,0.0532,0.014,0.0253,0.0364,0.008444582,0.065804662,0.002133584,0.044476208,0.04706004,-0.01770771,-0.008,0.005326694,0.025762,0.002359,-0.007889,-0.006972,0.0303,0.0475,0.01345701
198410,-0.0084,-0.0143,0.0051,0.0117,-0.0116,0.0323,0.007199041,0.004014979,0.02094274,0.026856617,0.012119335,0.016208777,-0.0084,-0.006384553,-0.003744,0.026788,-0.00984,-0.013769,-0.0058,0.0082,0.020941164
198411,-0.0176,-0.0098,0.0408,0.0081,0.0208,0.017,0.015463675,0.04294297,0.011056872,0.012597041,0.030972335,0.000488763,-0.0176,-0.005096302,0.022308,0.008011,-0.018019,-0.010592,0.0186,-0.019,0.004649346
198412,0.0184,-0.0069,-0.0017,0.0121,-0.0126,0.0155,0.004195443,-0.010233135,0.002767882,0.002579938,-0.005782866,0.011521145,0.0184,-0.000408224,-0.008283,0.025538,0.016733,-0.004111,-0.0063,0.0683,0.01332773
198501,0.0799,0.0349,-0.0543,-0.0083,-0.0336,-0.069,-0.013517452,-0.0623229,-0.011543009,0.020815704,-0.043100819,-0.023659534,0.0799,0.020840652,-0.034344,0.009646,0.079244,0.034381,-0.016,0.1376,0.014221767
198502,0.0122,0.01,-0.0012,0.0126,0.0103,0.0181,0.002239321,0.017207224,0.017946106,0.047946386,0.026927645,0.015878997,0.0122,0.008325553,0.010537,0.015482,0.010863,0.007725,0.0251,-0.0047,-0.002259194
198503,-0.0084,-0.0148,0.041,0.0118,0.0294,0.0168,-0.003640092,0.060250843,-0.001645835,0.033160197,0.043523767,-0.009169049,-0.0084,-0.017513794,0.033165,0.009336,-0.007907,-0.020275,0.0403,-0.0068,-0.006336599
198504,-0.0096,-0.001,0.0373,0.0159,0.0071,0.0304,0.008273949,0.039356537,0.004843847,0.033191734,0.034086384,-0.012671277,-0.0096,0.003975287,0.014244,0.001376,-0.009751,-0.006679,0.0382,0.0258,-0.006582051
198505,0.0509,-0.0233,-0.0086,0.013,-0.0139,0.0396,0.001345002,0.005170607,0.004624686,0.015493878,0.005496258,0.020870263,0.0509,-0.017004202,-0.012358,0.032271,0.049713,-0.015701,-0.0076,0.0644,-0.004187102
198506,0.0127,0.0048,0.007,0.015,-0.0059,0.0362,0.013541767,0.009092364,0.006457919,0.029469958,0.002564749,0.019604873,0.0127,-0.001962866,-0.001994,0.028923,0.011545,-0.005461,0.0071,0.0272,0.012451355
198507,-0.0074,0.0289,-0.0163,-0.0045,-0.0031,-0.0391,-0.004134898,-0.005005716,0.010190728,-0.004758572,0.006750298,0.000630506,-0.0074,0.033893226,-0.008239,-0.020118,-0.006447,0.024552,-0.0178,-0.0392,-0.029754327
198508,-0.0102,-0.0032,0.0228,-0.0004,0.0188,0.018,0.002029009,0.026981811,0.000908086,0.008296778,0.029112849,0.000550264,-0.0102,0.010092093,0.020995,0.00431,-0.010587,-0.001826,0.0269,-0.0411,-0.00443408
198509,-0.0454,-0.0181,0.0132,0.0116,0.0161,0.0149,0.013818714,0.057119062,0.031087553,0.004788713,0.050389514,0.022747458,-0.0454,-0.005549517,0.01983,0.011991,-0.045874,-0.018163,0.0108,-0.0753,0.011574815
198510,0.0402,-0.0155,0.0078,0.0092,-0.0111,0.0487,0.005126262,0.018029638,0.004370105,0.022230794,0.002709559,0.003141372,0.0402,-0.017524233,0.002611,0.022243,0.03842,-0.001863,0.0516,0.1089,0.011854823
198511,0.0648,0,-0.0287,0.0029,-0.0233,-0.0041,-0.014760554,-0.015019963,0.018949603,0.023935101,-0.023711712,0.022130772,0.0648,0.010639426,-0.016459,0.017987,0.063072,-0.002564,0.007,0.0745,0.020796238
198512,0.0388,-0.0039,-0.0153,0.0097,-0.018,-0.0012,0.005778335,-0.006432082,0.017054135,0.031614441,-0.005056615,0.017563597,0.0388,0.000916481,-0.014681,0.017916,0.036922,0.003138,-0.0199,0.0791,-0.020519031
198601,0.0065,0.0101,0.0053,-0.0202,-0.0205,0.0298,0.015093968,-0.029669379,-0.019014844,0.018123272,-0.012081668,0.00678577,0.0065,0.008302363,-0.007083,0.017389,0.004964,0.010626,0.0172,0.0322,0.015046558
198602,0.0713,-0.0076,-0.0094,0.0115,-0.0139,0.0275,0.022493667,0.001503969,0.014694507,0.043998243,0.00809739,0.006430489,0.0713,-0.006417699,-0.014601,0.022451,0.067204,-0.004453,0.0035,0.1203,0.011861161
198603,0.0488,-0.0057,-0.0044,0.0112,0.0099,0.0245,0.002491081,0.008673688,0.008585326,0.045281287,0.010739917,0.005923203,0.0488,0.000879099,0.010702,0.020588,0.047922,0.006328,0.0407,0.0855,-0.064404433
198604,-0.0131,0.0292,-0.0285,0.0291,0.0002,-0.0052,0.009418341,0.013521234,0.020201758,0.018679963,-0.000071154,0.04458256,-0.0131,0.034932829,-0.015603,0.006533,-0.013244,0.01062,-0.0026,-0.0509,0.011031288
198605,0.0462,-0.0126,-0.0011,0.0208,0.0111,0.0203,0.009228707,0.030105003,0.007873714,0.033244408,0.010759141,0.011979997,0.0462,-0.006860792,0.012779,0.034642,0.04591,-0.011626,0.0259,0.0372,-0.007197893
198606,0.0103,-0.0087,0.014,0.0183,0.0087,0.0517,0.025900892,0.031566206,0.021979613,0.051179078,-0.001360478,0.037891365,0.0103,-0.019358147,0.016192,0.052842,0.009,-0.002975,0.0573,-0.0388,-0.011358326
198607,-0.0645,-0.0354,0.0478,-0.0057,0.0061,0.0177,0.008107604,0.024217687,0.01583131,0.014194306,0.033948129,0.022583799,-0.0645,-0.026024693,0.013621,0.030101,-0.064711,-0.027362,-0.0119,-0.0785,0.017251021
198608,0.0607,-0.0436,0.0352,-0.0174,0.0324,-0.0499,-0.001005973,0.012122246,-0.019834917,-0.015854689,0.030969219,-0.040284112,0.0607,-0.031732861,0.030868,-0.027171,0.061567,-0.043969,-0.0278,0.0987,0.001643775
198609,-0.086,0.0197,0.0319,-0.0005,0.0362,-0.0587,-0.015496597,0.014203015,-0.00806419,-0.024360482,0.037740507,-0.038574537,-0.086,0.0297246,0.033804,-0.03817,-0.083804,0.005212,0.0458,-0.1205,-0.026505732
198610,0.0466,-0.0233,-0.0132,0.0013,0.0089,0.0267,0.046249276,-0.007208293,0.006219369,-0.014612216,-0.022076014,0.023831183,0.0466,-0.015739882,0.001715,0.00913,0.045094,-0.019416,0.0148,0.0713,-0.032354029
198611,0.0117,-0.0188,-0.0006,0.0112,0.0061,-0.0032,0.007585032,0.030115717,0.023331586,-0.009658807,0.018939848,0.035954281,0.0117,-0.017335783,0.003756,0.01081,0.011169,-0.0202,-0.0304,-0.0109,-0.003499259
198612,-0.0327,0.0007,0.0037,0.0083,-0.0003,0.0037,0.009053302,0.015117653,0.015698827,-0.022156642,0.010898272,0.00685608,-0.0327,0.008065774,0.010988,0.018557,-0.031155,0.008373,-0.0104,-0.0235,-0.001472227
198701,0.1247,-0.0151,-0.0318,0.002,-0.0109,0.0208,0.042256681,0.002527389,0.00362302,0.036336251,-0.001572061,0.047788561,0.1247,-0.008342698,-0.012057,0.009773,0.124345,-0.012073,-0.0714,0.1149,0.008308396
198702,0.0439,0.0341,-0.0599,-0.009,-0.0276,-0.0219,-0.002319413,-0.02438246,-0.002794973,0.005311341,-0.038049769,0.016107344,0.0439,0.041093759,-0.019813,0.021111,0.043609,0.03356,-0.0405,0.0022,-0.006891794
198703,0.0164,0.0021,0.0166,0.0136,0.0403,0.0161,-0.01067377,0.041810038,-0.006328584,0.049366113,0.036114473,0.014681492,0.0164,0.012857836,0.041787,-0.012061,0.018652,-0.007211,-0.0124,-0.016,-0.016730781
198704,-0.0211,-0.0155,-0.0033,-0.0046,0.0122,0.0027,0.013853146,0.012165976,0.005685368,0.004207616,0.022354827,0.023640323,-0.0211,-0.014922835,0.002809,-0.014873,-0.021286,-0.024645,-0.0366,-0.0295,0.056136577
198705,0.0011,-0.0059,0.0013,0.0052,0.0132,-0.0067,0.003384708,0.000725927,0.005296902,-0.003508023,0.01140633,0.007935629,0.0011,-0.001501908,-0.00089,-0.023826,0.001365,-0.012207,0.0066,-0.0035,0.000188964
198706,0.0394,-0.0229,0.0107,0.0173,0.0083,-0.0018,-0.008062869,0.031715579,0.013394843,0.02252735,0.012528534,-0.008937013,0.0394,-0.014832032,0.013796,0.01407,0.038631,-0.01512,0.0231,0.0487,0.012434154
198707,0.0385,-0.0111,0.0066,-0.005,0.0156,0.0269,-0.002750697,0.016954129,-0.005203388,0.042504325,0.010126748,0.019718892,0.0385,-0.012281043,0.000896,-0.017749,0.04019,-0.020701,0.0085,0.0228,-0.023259957
198708,0.0352,-0.009,-0.009,0.0203,-0.0159,-0.0086,-0.003562899,-0.022451226,0.02883748,-0.005415933,-0.008078316,0.009379019,0.0352,0.006141146,-0.002604,0.03802,0.032402,-0.002168,-0.045,0.03,0.009620333
198709,-0.0259,0.0037,0.0028,-0.009,0.0189,0.0072,0.024850443,0.006031731,-0.005740303,0.000570743,0.023847253,0.006685837,-0.0259,0.005364806,0.018845,0.005862,-0.025594,0.006279,0.0065,-0.0351,0.041581492
198710,-0.2324,-0.0809,0.0423,0.0201,0.0239,-0.0783,-0.006204529,0.04719759,0.050075255,-0.126908386,0.073007365,-0.017620696,-0.2324,-0.080900856,0.033088,0.00571,-0.231403,-0.073578,0.0353,-0.2811,-0.023728661
198711,-0.0777,0.0283,0.0314,-0.0192,0.0071,-0.0114,-0.008110968,0.019224023,-0.001457347,0.043574618,0.015900443,-0.008764053,-0.0777,0.025562839,0.006689,-0.007044,-0.075639,0.032942,-0.0096,-0.0991,-0.003234364
198712,0.0681,0.0009,-0.0449,0.0301,-0.0236,0.058,-0.017985656,-0.029234709,0.017793399,-0.092589447,-0.054848844,0.06656974,0.0681,0.025055389,-0.02447,0.039023,0.067339,0.001802,0.0017,0.0386,0.009467735
198801,0.0421,-0.0054,0.0508,-0.0112,0.0209,-0.0758,0.033393553,0.035696833,-0.021332628,0.037304473,0.030104157,-0.085058548,0.0421,-0.008853171,0.013304,-0.040738,0.042118,-0.007352,0.0425,0.1021,-0.048206577
198802,0.0475,0.0332,-0.0165,0.0156,-0.0011,-0.0157,-0.010073168,0.011014353,0.000768112,-0.011764658,-0.020792197,0.017414156,0.0475,0.049588494,-0.006009,0.010298,0.047131,0.035203,0.0035,0.0286,-0.014886672
198803,-0.0227,0.0626,0.0074,-0.0016,0.0191,0.0073,0.03154197,0.033271692,-0.009154931,0.055178479,0.011955202,0.018484733,-0.0227,0.066381435,0.016282,-0.021454,-0.021,0.057074,-0.0202,-0.0413,0.019984789
198804,0.0056,0.0112,0.0169,-0.0023,0.019,0.0227,0.006961927,0.0116104,-0.002506575,0.018538149,0.009476627,0.015908552,0.0056,0.02048926,0.021414,0.006524,0.006414,0.009134,-0.0252,0.0035,-0.062790469
198805,-0.0029,-0.0259,0.023,-0.007,0.0038,0.0065,0.002702961,0.017671235,0.008714451,0.009869706,0.022468445,-0.029915416,-0.0029,-0.022837303,0.004647,-0.001428,-0.004603,-0.011738,-0.0051,0.0664,0.003201124
198806,0.0479,0.0219,-0.0107,0.0142,-0.0325,-0.0289,0.007472463,-0.031154863,-0.000851135,-0.005309387,-0.035557635,-0.00284758,0.0479,0.017420118,-0.030677,0.023139,0.046628,0.028826,-0.009,0.0817,0.007384865
198807,-0.0125,-0.0017,0.0227,-0.0059,0.0145,0.0062,0.010597127,0.021491103,-0.004429484,0.015872209,0.026765477,-0.026359095,-0.0125,0.004220711,0.011126,-0.01183,-0.012332,0.001957,-0.0087,0.0102,0.00872107
198808,-0.0331,-0.0002,0.0203,-0.0076,0.0174,0.0033,0.02073775,0.024598646,-0.000160131,0.014621771,0.028246823,-0.033439472,-0.0331,0.013419917,0.016595,-0.021331,-0.033963,0.000692,0.0354,-0.0119,-0.01760345
198809,0.033,-0.0131,-0.0068,0.0172,-0.0048,0.0024,-0.000576666,0.017044739,0.007647213,-0.021338222,0.004931157,0.001074762,0.033,-0.008760101,-0.003695,0.02163,0.031057,-0.014899,0.0151,0.0436,-0.003642035
198810,0.0115,-0.0295,0.0171,0.014,0.0104,0.0131,0.010017343,0.0469413,0.008863545,0.002116348,0.024166064,0.001735384,0.0115,-0.026290196,0.004982,0.001131,0.011572,-0.027988,0.0246,0.0017,-0.027685242
198811,-0.0229,-0.0166,0.0124,-0.0031,0.016,0.0042,0.010714018,0.024063715,0.007208254,-0.019237398,0.012901808,0.005063749,-0.0229,-0.004376361,0.013915,-0.004641,-0.022154,-0.019114,-0.002,-0.0052,-0.002244275
198812,0.0149,0.0201,-0.0155,0.0064,-0.0037,0.0041,-0.012289022,-0.011189587,0.009038583,-0.025360239,-0.018694401,0.032655211,0.0149,0.02676474,0.004735,0.00873,0.014769,0.024796,-0.0441,-0.0165,-0.032007293
198901,0.061,-0.0223,0.0051,-0.0103,0.0016,-0.0015,0.001600131,-0.01902612,-0.012871462,0.008530518,-0.002662299,-0.009263578,0.061,-0.019182229,0.000239,-0.003618,0.060337,-0.022277,-0.0042,0.1111,-0.049227538
198902,-0.0225,0.0267,0.0087,-0.0082,0.0189,0.0091,-0.002511639,-0.000724852,-0.0084782,0.010428213,0.010199381,-0.004617771,-0.0225,0.035657888,0.01586,-0.004831,-0.022556,0.029571,-0.0034,-0.03,0.008183425
198903,0.0157,0.0076,0.0046,0.0001,0.0079,0.0354,0.013654698,0.002799717,-0.008096643,0.020602071,0.013435034,-0.010578818,0.0157,-0.007772573,0.012962,-0.000893,0.015252,0.013215,-0.0084,0.0799,-0.02990542
198904,0.0433,-0.007,-0.0145,0.0076,-0.0054,0.0168,0.014698,0.005019763,0.014489424,0.008946849,-0.01927159,0.018710873,0.0433,-0.008144918,-0.002697,0.011632,0.041394,-0.009247,-0.0163,0.0154,-0.006218708
198905,0.0335,-0.0001,-0.0082,0.0049,-0.0004,0.0156,0.019759246,-0.00283824,0.001301134,-0.004389968,-0.012464987,0.010247576,0.0335,-0.003741565,0.001261,0.0131,0.031332,0.000308,-0.0401,0.0343,0.010067367
198906,-0.0135,-0.0108,0.0219,0.0024,0.0152,0.0063,-0.006743214,0.042904165,-0.003481858,0.020092153,0.023343983,-0.028172123,-0.0135,-0.014673954,0.015784,-0.001784,-0.012013,-0.007225,0.0757,-0.0013,-0.018643517
198907,0.072,-0.0404,-0.0284,0.0199,-0.0062,0.0545,0.033459668,0.024200742,0.012054976,0.008596015,0.004613731,0.036857352,0.072,-0.036950874,-0.00341,0.049021,0.070091,-0.034702,0.0343,0.1378,0.013531233
198908,0.0144,0.0043,0.0072,0.0041,-0.005,-0.0012,0.002652239,0.010852943,-0.001207677,0.009158234,-0.005668114,-0.011646264,0.0144,0.00895847,-0.004235,0.016706,0.015443,0.004867,0.0045,-0.0047,0.013755466
198909,-0.0076,0.0046,-0.0134,0.014,0.0059,0.0342,0.000538476,0.00745875,0.002625015,0.000795843,0.008710812,0.01482214,-0.0076,0.015318098,0.011852,0.016183,-0.007861,0.00763,-0.0466,0.0043,0.006839182
198910,-0.0367,-0.0333,-0.0103,0,0.0002,0.0135,-6.65E-06,0.018373827,0.03300271,0.004938153,0.006693426,0.046156751,-0.0367,-0.01838576,0.012866,0.013911,-0.036105,-0.033425,0.0278,-0.0832,0.01244239
198911,0.0103,-0.013,-0.0112,-0.0091,0.0147,0.026,0.007224384,0.011472259,0.008460542,0.01305843,0.011877137,0.027123427,0.0103,-0.009165066,0.016315,0.002241,0.011474,-0.013323,-0.0256,-0.0138,0.018971885
198912,0.0116,-0.023,0.0028,-0.001,0.0145,0.0279,0.014047155,0.005407792,0.01941556,-0.009018428,0.014751352,0.032478048,0.0116,-0.009333341,0.015801,0.010558,0.012354,-0.019373,0.0229,-0.0075,-0.039877026
199001,-0.0785,-0.0133,0.0087,-0.0113,0.0132,-0.0328,0.001513746,0.008099964,0.00913085,-0.002131549,0.002878393,0.015885153,-0.0785,-0.012261275,0.009034,0.00025,-0.075967,-0.012263,-0.036,-0.0974,-0.010633717
199002,0.0111,0.0118,0.0061,-0.0019,-0.0064,-0.005,0.014928091,-0.015697885,-0.007064319,-0.013534179,-0.015959237,-0.008009212,0.0111,0.017859623,-0.010958,-0.004027,0.009083,0.011817,-0.0314,0.0337,0.002831435
199003,0.0183,0.0164,-0.029,0.0215,-0.0102,0.0166,0.009460344,-0.003882093,0.019375636,-0.002063101,-0.021026174,0.055525021,0.0183,0.019453633,-0.003591,0.022426,0.01776,0.012079,-0.0248,-0.0418,0.016929401
199004,-0.0336,-0.004,-0.0255,0.0172,-0.0098,0.024,0.009515987,-0.006811449,0.027630255,-0.024600508,-0.00783876,0.038901117,-0.0336,-0.001604985,-0.007842,0.022113,-0.035115,-0.00457,0.0602,-0.0346,-0.005628049
199005,0.0842,-0.024,-0.0374,0.0165,-0.0157,0.0304,0.017499753,-0.032648527,0.000728523,-0.020083424,-0.039954206,0.034138177,0.0842,-0.013255462,-0.008155,0.037611,0.08253,-0.016557,-0.0092,0.1139,0.006238904
199006,-0.0109,0.0138,-0.0194,-0.01,-0.0034,0.0245,0.012577156,-0.008169473,0.016003699,0.013332852,-0.013590717,0.037560553,-0.0109,0.021290729,0.002723,0.022165,-0.010094,0.01855,0.0255,-0.0117,0.024584836
199007,-0.019,-0.0327,-0.0001,-0.0027,0.031,0.0593,0.012409044,0.039225417,0.02293388,0.004665849,0.029217761,0.038956796,-0.019,-0.012654164,0.039945,0.025767,-0.016107,-0.024706,0.0517,-0.0585,0.012079314
199008,-0.1015,-0.0385,0.0158,-0.0043,0.0299,0.0175,0.022103094,0.031587583,0.016008164,-0.020721933,0.048661489,0.008563002,-0.1015,-0.037807523,0.037185,-0.010163,-0.098059,-0.045202,0.0454,-0.1021,-0.01187012
199009,-0.0612,-0.0378,0.0073,-0.0016,0.0371,0.0552,0.041562606,0.029018909,0.043464817,0.000516094,0.044472785,0.059956385,-0.0612,-0.025132296,0.02575,-0.0049,-0.059827,-0.034454,0.0226,-0.1384,-0.008428045
199010,-0.0192,-0.0507,0.0022,0.0287,-0.0049,0.0673,0.028150924,0.019156544,0.042815497,-0.040209975,0.004061153,0.070984077,-0.0192,-0.057884665,0.002264,0.02103,-0.019063,-0.050346,-0.0154,-0.0548,0.000640232
199011,0.0635,-0.0006,-0.0316,0.0082,-0.0475,-0.0562,0.011214104,-0.03070228,-0.006927369,-0.051217577,-0.045650904,-0.043978447,0.0635,0.017282029,-0.039721,0.015447,0.060093,0.004157,-0.015,0.1379,0.007679636
199012,0.0246,0.0061,-0.0154,0.0286,-0.02,0.0016,-0.006342369,0.019688784,0.021830398,-0.012282499,-0.022225514,0.008900772,0.0246,0.018904168,-0.01942,0.039174,0.023524,0.012588,-0.0353,0.0403,0.062333658
199101,0.0469,0.0386,-0.0184,0.0155,-0.0408,-0.066,0.049360756,-0.056351593,-0.009620839,-0.061478633,-0.031420812,-0.003612491,0.0469,0.037544235,-0.039407,0.001558,0.044441,0.033639,-0.1004,0.0732,0.054681727
199102,0.0719,0.0396,-0.0054,-0.0027,-0.0016,-0.0475,-0.012708591,-0.031300331,-0.032387923,0.015332442,-0.007954193,-0.036773808,0.0719,0.03745384,0.001596,-0.012219,0.07108,0.036175,-0.0197,0.1154,0.005568217
199103,0.0265,0.0382,-0.0123,-0.0039,-0.0099,0.0281,0.026208696,-0.006658262,-0.006251383,0.014253921,-0.034920539,0.009308161,0.0265,0.019812879,-0.009255,0.016671,0.024532,0.039322,-0.0082,0.0612,0.01820465
199104,-0.0028,0.0033,0.0142,0.0053,0.0071,-0.0237,0.007626096,0.012334104,0.000507479,0.049112413,0.012320123,-0.010833346,-0.0028,-0.001100565,0.004802,0.013896,-0.00202,-0.007125,0.0191,0.0286,-0.004739971
199105,0.0365,0.0017,-0.0057,0.0211,-0.0245,-0.0009,0.007097294,-0.005282513,-0.004063747,0.011269723,-0.003307925,-0.012594495,0.0365,0.011634879,-0.019576,-0.006868,0.036272,-0.005809,-0.0085,0.043,-0.003435844
199106,-0.0494,0.0017,0.0121,0.0175,0.0063,0.0047,0.001776399,0.041357882,0.024124056,0.025961054,0.023409824,0.005290602,-0.0494,0.00290815,0.005814,0.013617,-0.0482,0.001017,0.0256,-0.0941,0.048360393
199107,0.0424,-0.0096,-0.0125,0.0161,-0.0141,0.0434,0.009953112,-0.023060219,0.000894369,0.003028587,-0.015353269,0.038393118,0.0424,-0.001593222,-0.006164,0.031479,0.041955,-0.005655,0.0159,0.0964,0.02230528
199108,0.0232,0.0144,-0.0078,0.0088,-0.0055,0.0161,0.012396701,-0.026751753,-0.000126412,0.013176638,-0.020748803,0.017874643,0.0232,0.016896694,0.000067,0.012433,0.022207,0.012403,-0.0172,0.0574,-0.013218921
199109,-0.0159,0.0155,-0.01,-0.0181,0.0016,0.0173,0.001738319,0.00516474,-0.011446729,0.028596795,0.005032299,0.002426535,-0.0159,0.015519216,-0.007842,-0.00408,-0.015533,0.018165,0.0149,0.0025,0.0061291
199110,0.0129,0.0095,-0.0043,-0.0173,-0.0029,0.0317,0.014272308,-0.012385902,-0.007681521,0.021600504,0.018078362,0.017461065,0.0129,0.007879811,0.012806,0.001101,0.013569,0.006343,0.0207,-0.0194,-0.015193634
199111,-0.0419,-0.0087,-0.0193,0.0108,0.0012,0.0126,0.022612406,0.001384388,0.033857306,0.02630868,-0.019161673,0.040371931,-0.0419,-0.003374659,0.003421,0.034519,-0.04119,-0.003517,0.0444,-0.0994,0.012244309
199112,0.1084,-0.0242,-0.0403,0.0358,-0.0312,0.0829,0.02728544,-0.03716561,0.017504729,-0.032803774,-0.028602044,0.070385416,0.1084,-0.013166779,-0.019972,0.068146,0.102986,-0.015775,-0.0545,0.1258,0.015695581
199201,-0.0059,0.0926,0.0451,-0.0133,0.0315,-0.0244,-0.020399434,-0.047895048,-0.042573895,0.053515716,0.005305709,-0.050489782,-0.0059,0.073638792,0.01511,-0.039474,-0.004241,0.083388,-0.0698,0.0259,-0.034433031
199202,0.0109,0.0135,0.0637,0.0009,0.0204,-0.0063,0.019505097,0.006033028,-0.01150559,0.038741692,0.023664611,-0.026088665,0.0109,0.015744784,0.02277,0.008395,0.010526,0.013345,-0.051,0.0485,0.005543533
199203,-0.0266,-0.009,0.0365,-0.0008,0.0193,-0.0034,0.0051789,0.064057622,0.012087359,0.02407529,0.044575373,-0.013113582,-0.0266,-0.00626411,0.01994,0.010902,-0.027076,-0.012367,-0.0038,-0.0241,0.021817915
199204,0.0107,-0.0573,0.0431,0.0171,0.0222,-0.0256,-0.002785536,0.085422838,0.011305799,-0.003557693,0.063563969,-0.033343678,0.0107,-0.053117869,0.018169,-0.016524,0.010116,-0.069737,-0.0044,0.0318,0.059019491
199205,0.003,0.0021,0.0128,-0.0096,0.0043,0.0013,0.014277995,0.000993597,0.002357321,0.011095084,0.005946571,-0.007132186,0.003,0.00566534,0.00363,-0.001148,0.003681,-0.003366,0.0025,0.0275,-0.011066963
199206,-0.0234,-0.0271,0.034,-0.0003,0.0107,-0.0059,0.01100436,0.043036691,0.011734301,0.016610998,0.019421448,-0.024620915,-0.0234,-0.012728779,0.005636,0.007942,-0.022472,-0.02589,0.0231,0.0117,0.014276733
199207,0.0377,-0.0061,-0.0053,0.0157,-0.0072,0.0144,0.007416393,0.003266856,0.011401608,0.013203298,0.002696751,0.017029556,0.0377,-0.002674301,0.004278,0.026145,0.037008,-0.008196,0.0235,0.0029,0.001275532
199208,-0.0238,-0.0042,-0.0103,0.0379,-0.0162,-0.0055,0.022496826,0.032448352,0.033316502,0.010567876,0.005729226,0.039331018,-0.0238,0.001375734,-0.007643,0.014659,-0.023425,-0.003442,0.0499,-0.0564,-0.014260342
199209,0.0119,0.0048,-0.0021,0.0153,-0.005,0.0142,0.024696217,0.002841551,0.007627886,0.018388078,-0.001345332,0.012848055,0.0119,-0.000713651,-0.004117,0.022789,0.009874,0.0068,-0.0231,0.0271,0.024875742
199210,0.0102,0.0202,-0.021,0.0131,-0.008,0.0272,0.025494043,-0.023073243,0.01443563,-0.004474284,-0.031257971,0.021083999,0.0102,0.018055398,-0.003721,0.021205,0.0087,0.015439,-0.0215,0.007,0.017422351
199211,0.0413,0.0391,-0.0148,-0.0084,-0.0191,-0.0032,0.01253132,-0.035704245,-0.013377881,-0.004992819,-0.037025931,-0.010526126,0.0413,0.022762971,-0.012352,0.009313,0.037847,0.036632,-0.0587,0.0851,-0.006077896
199212,0.0153,0.0164,0.0252,-0.0044,0.0075,0.0445,0.017349787,0.018728389,-0.009412826,0.034228549,0.009303466,-0.009657652,0.0153,0.012909872,0.014438,0.017942,0.015498,0.027668,-0.0285,0.0405,0.002593292
199301,0.0093,0.0209,0.0587,-0.0177,0.0278,0.0482,0.001780319,0.011133693,-0.037306217,0.077937156,0.022599957,-0.024731901,0.0093,0.025746015,0.03016,-0.014082,0.010309,0.023168,-0.0024,0.0448,-0.005104335
199302,0.0012,-0.0342,0.0642,-0.005,0.0405,0.031,0.007323574,0.088342427,-0.015681731,0.058388457,0.054146882,-0.036017988,0.0012,-0.026370835,0.035707,-0.014532,0.003193,-0.0331,0.0681,0.025,0.006857362
199303,0.023,0.0005,0.0122,-0.0029,0.0092,0.0374,0.024959171,0.004132367,-0.012549465,0.046342814,0.007808331,0.005280494,0.023,0.007432044,0.009554,0.018079,0.022578,-0.000091,-0.0408,0.0581,0.019840207
199304,-0.0305,-0.0086,0.0261,-0.0369,0.0152,0.0037,0.001619657,0.023391906,-0.025499009,0.048654158,0.037317574,-0.030608181,-0.0305,-0.004543899,0.011884,-0.030475,-0.027772,-0.011281,-0.0176,-0.0369,-0.020546367
199305,0.0289,0.0188,-0.0341,-0.0001,-0.0118,0.0028,0.007508236,-0.063463521,-0.008792977,0.009455923,-0.023365176,0.022713991,0.0289,0.012782915,-0.007827,-0.00551,0.027431,0.018288,0.0435,0.0123,0.007670101
199306,0.0031,0.0011,0.0262,-0.0106,0.0109,0.0457,-0.002655203,-0.002917058,-0.021129132,0.035680701,0.016843268,-0.02284056,0.0031,-0.012184713,0.018344,0.029495,0.002684,0.01599,-0.0322,0.0565,0.002738485
199307,-0.0034,0.009,0.0325,-0.0218,0.0203,0.0324,0.000426121,0.025326987,-0.012764162,0.035816335,0.038173704,-0.022555328,-0.0034,0.003507475,0.014634,-0.005379,-0.003194,0.014282,-0.013,0.0246,0.005657242
199308,0.0371,0.0025,-0.0045,-0.0115,-0.0004,0.0258,0.006263452,0.00039975,-0.004622865,0.022462141,0.000513692,0.01389611,0.0371,0.009509416,-0.00077,0.0047,0.036949,-0.000029,0.016,0.0439,0.006906044
199309,-0.0012,0.0306,-0.0044,0.0077,-0.0008,0.0341,0.026099013,-0.011292231,-0.001884581,0.030869355,-0.003870027,0.028140248,-0.0012,0.017060617,0.00272,0.009383,-0.001715,0.030945,-0.076,0.052,-0.0595874
199310,0.0141,0.0161,-0.0154,-0.001,0.006,-0.0267,-0.004506592,-0.010240095,-0.003601994,0.032696527,0.002417123,-0.001406197,0.0141,0.009242285,-0.005515,-0.01429,0.015854,0.004116,0.0479,-0.0618,0.028309573
199311,-0.0189,-0.0143,-0.0027,0.0155,-0.0095,-0.0472,0.021918032,0.009054245,0.014717958,-0.034812169,-0.006283207,-0.007526335,-0.0189,-0.003304701,-0.007372,-0.007728,-0.020083,-0.018816,0.0512,-0.016,0.010758956
199312,0.0165,0.0136,0.0057,0.007,-0.0032,0.0228,0.001180474,0.001583784,0.001903987,0.012882484,0.001990414,0.021604143,0.0165,0.019985479,-0.002471,0.02358,0.017252,0.020882,0.0127,0.0177,0.007462024
199401,0.0287,-0.0014,0.0209,-0.0229,0.0144,0.0002,0.012015736,0.006908993,-0.024574091,0.034991269,-0.002242487,-0.024575845,0.0287,-0.012416461,0.011711,-0.00818,0.028963,0.001798,-0.0051,0.0583,0.025139823
199402,-0.0255,0.0265,-0.0145,0.0245,-0.0103,-0.003,0.003505084,-0.002985756,0.027251749,-0.012384715,-0.011889836,0.031996907,-0.0255,0.027235982,-0.004566,0.026502,-0.026346,0.02642,0.0088,-0.0685,0.011009592
199403,-0.0478,-0.0102,0.0129,0.0077,0.0127,-0.0133,-0.010026736,0.026935262,0.015594201,-0.008125534,0.027488541,-0.002146455,-0.0478,0.000122475,0.009648,0.002038,-0.048264,-0.009503,0.0269,-0.0556,-0.013361254
199404,0.0068,-0.0105,0.0168,0.0101,0.0112,0.0042,0.003741165,0.001946924,0.005101202,-0.012573729,0.009402197,-0.008405212,0.0068,-0.006582842,0.012914,0.015384,0.006767,-0.008191,0.0056,0.0349,0.002977733
199405,0.0058,-0.0246,0.002,0.009,0.007,-0.0216,0.009910533,-0.021691114,-0.001204036,0.008952082,0.023154889,-0.044251167,0.0058,-0.013481628,0.005438,-0.007075,0.00621,-0.019847,0.0324,0.0523,-0.003151646
199406,-0.0303,-0.0052,0.0169,0.0116,0.0153,-0.0084,0.017125971,0.028097095,0.014847065,0.015052754,0.038054794,-0.016662516,-0.0303,0.007847192,0.009518,0.00163,-0.031027,-0.008786,0.0005,-0.0388,7.61E-05
199407,0.0282,-0.0183,0.0062,-0.0089,0.0011,0.0019,0.010697533,0.008699917,-0.006591868,-0.007479541,0.007086971,-0.000980793,0.0282,-0.022425946,0.004007,0.006664,0.027882,-0.014566,-0.0101,0.0329,-0.001139792
199408,0.0401,0.0129,-0.0281,0.0087,-0.0145,0.0154,-0.024938726,-0.000859783,0.018632513,-0.022852676,-0.035288956,0.034970781,0.0401,0.021597628,-0.006864,0.020432,0.03891,0.02068,0.004,0.056,0.012237454
199409,-0.0231,0.0267,-0.0191,0.006,0.0093,0.0133,0.008672541,0.003743725,0.016025709,0.038334712,0.008927092,0.035354999,-0.0231,0.037268701,0.005453,0.010427,-0.022022,0.021824,0.0311,-0.0666,0.016523623
199410,0.0134,-0.023,-0.0174,0.0058,-0.0062,0.0139,0.012577975,0.003422525,0.030975474,-0.02009791,-0.004832778,0.045544194,0.0134,-0.005662668,0.002525,0.003942,0.01068,-0.018339,0.0113,0.0449,0.01271287
199411,-0.0404,0.0011,-0.0094,0.0081,-0.0044,-0.002,0.003230166,0.017364295,0.027465419,-0.038932546,0.000550949,0.02817438,-0.0404,0.007614957,-0.009591,0.014047,-0.04091,0.005603,-0.0205,-0.0616,-0.001294119
199412,0.0086,-0.0002,0.0054,0.0042,0.0031,0.0351,0.010814892,0.020581275,0.004606717,-0.030545983,0.011922772,0.021310643,0.0086,0.000700254,0.013236,0.040165,0.008179,0.011868,0.0177,-0.0091,-0.018403844
199501,0.018,-0.0276,0.0081,0.0061,-0.0083,-0.0184,-0.008657097,0.016386427,0.005744077,0.012851184,0.010101002,-0.01928484,0.018,-0.029075357,-0.001053,-0.000933,0.016243,-0.024585,-0.0327,0.0487,-0.045889716
199502,0.0363,-0.0055,0.0109,0.0058,-0.0033,-0.0034,-0.003179944,-0.011611607,-0.002902929,0.013401363,-0.002609692,-0.015807673,0.0363,-0.001329367,-0.008389,0.004805,0.035632,-0.007342,-0.0074,0.0735,0.008427209
199503,0.0219,-0.0072,-0.011,-0.0033,0.0016,0.0037,-0.006509997,0.003254924,0.012602272,0.012169157,-0.000788881,0.022225617,0.0219,-0.00485749,0.000794,0.011937,0.022907,-0.012621,0.0178,-0.0046,0.030022129
199504,0.0211,-0.0034,0.0227,0.0005,0.01,0.0182,0.009757523,0.006737672,-0.00090391,0.013109501,0.017778992,-0.003072607,0.0211,0.006487516,0.000961,0.002907,0.020598,0.000708,0.0082,0.0521,-0.007856193
199505,0.029,-0.0206,0.0172,0.0046,0.0009,-0.0043,0.006986408,0.025916562,-0.00232924,0.01433341,0.02319148,-0.028655625,0.029,-0.025148551,0.008841,-0.009921,0.028652,-0.022088,-0.007,0.0835,0.0090937
199506,0.0272,0.0295,-0.0228,-0.0048,-0.0244,0.0287,0.004005569,-0.034890294,-0.003769916,0.018412128,-0.037411318,0.031293231,0.0272,0.015738065,-0.017306,0.021706,0.026459,0.032407,0.0068,0.0174,0.021925839
199507,0.0372,0.021,-0.0167,0.0045,-0.017,0.0254,0.017307031,-0.046656933,-0.00587225,0.015926203,-0.036759645,0.025461515,0.0372,0.013704189,-0.0253,0.009417,0.036261,0.017275,0.0498,0.0633,-0.027086481
199508,0.0055,0.0183,0.0271,-0.0136,0.0164,0.0014,0.015812973,-0.007900864,-0.021562696,0.034422076,0.020307592,-0.044629741,0.0055,0.022366077,0.022127,0.001639,0.004667,0.023994,-0.0115,0.0481,-0.007181926
199509,0.0335,-0.0188,-0.0075,0.0133,0.0036,0.0271,0.031228616,0.006773815,0.009195823,0.031894572,0.015711309,0.009714327,0.0335,-0.017581674,0.018821,0.01434,0.032054,-0.007777,-0.0738,0.07,-0.000236177
199510,-0.0152,-0.0405,-0.0074,0.0214,-0.0003,0.0415,0.017957403,0.044687868,0.043105489,-0.003815135,0.0388193,0.05103803,-0.0152,-0.028142471,0.007712,0.028131,-0.016031,-0.050145,0.0342,-0.042,0.012201056
199511,0.0396,-0.0117,0.0095,-0.0083,0.0119,-0.0065,-0.009351971,0.011006374,-0.002298637,-0.010447839,0.013157067,-0.00610311,0.0396,-0.011130771,0.011438,-0.002371,0.0387,-0.007668,-0.0186,0.0642,-0.006589383
199512,0.0103,0.0067,0.0087,-0.0133,0.0299,0.0254,0.003003047,0.038507244,-0.008337694,0.022465421,0.040218449,-0.015864639,0.0103,0.002256101,0.031139,0.003236,0.010308,0.0063,-0.0331,-0.0136,0.017424147
199601,0.0226,-0.0259,0.003,-0.0064,0.0228,0.0058,-0.005011429,-0.005252528,-0.016001792,0.044069834,0.02585244,-0.02690858,0.0226,-0.015197594,0.024804,-0.014482,0.023863,-0.026407,0.0684,0.0708,0.004195897
199602,0.0133,0.0182,-0.0142,0.004,-0.018,0.0059,-0.002191512,0.000802725,0.008668626,0.008194588,-0.018708325,0.032268336,0.0133,0.026561113,-0.009702,0.03127,0.012402,0.027349,0.0419,0.0299,0.005099503
199603,0.0073,0.0154,0.0101,0.013,-0.0097,-0.0188,0.000722024,0.014237899,-0.007587966,0.026013188,0.003408515,0.001265095,0.0073,0.003422647,-0.006401,0.002616,0.006984,0.018506,-0.0465,0.0333,0.00847756
199604,0.0206,0.0464,-0.0391,0.0018,-0.022,-0.009,0.011612556,-0.052513824,0.006131132,0.000957935,-0.060907129,0.03264406,0.0206,0.027655587,-0.017087,0.028467,0.020932,0.051431,-0.0434,-0.0128,-0.003919958
199605,0.0236,0.0317,-0.012,0.0042,-0.0022,0.0154,0.005925384,0.005676745,0.006373327,0.037364353,-0.008881892,0.023123109,0.0236,0.016741855,0.011073,0.018659,0.02282,0.044432,-0.0257,0.0253,0.008416513
199606,-0.0114,-0.0347,0.0156,0.0346,0.0109,0.0102,-0.003248403,0.044066322,0.018269664,0.034048666,0.046245204,0.000870912,-0.0114,-0.020007571,0.017034,0.008625,-0.012298,-0.04298,-0.0547,0.0036,0.020611927
199607,-0.0597,-0.0368,0.0445,0.0283,0.026,-0.0013,0.00817102,0.079833822,0.023512573,-0.001263933,0.064837318,0.012261213,-0.0597,-0.015578781,0.020111,0.024066,-0.058316,-0.033594,0.0038,-0.0021,0.045238221
199608,0.0277,0.0255,-0.0046,-0.0029,-0.0242,-0.0006,0.000534949,-0.044384705,-0.003231883,0.010706395,-0.037854236,-0.006395874,0.0277,0.022249305,-0.018244,0.001305,0.028341,0.024721,0.0063,0.0354,0.002680524
199609,0.0501,-0.0133,-0.0315,0.0151,-0.0218,0.027,0.016006811,-0.020908368,0.019962378,0.013134121,-0.021434574,0.020064613,0.0501,-0.010242902,-0.017399,0.021863,0.04866,-0.014461,-0.0183,0.0664,0.024547612
199610,0.0086,-0.0388,0.0512,0.0132,0.0298,0.0389,0.017700623,0.053278788,0.010471781,0.032651624,0.059369031,0.00952263,0.0086,-0.022370887,0.036432,0.019037,0.009493,-0.024122,-0.0056,0.0813,0.026123753
199611,0.0625,-0.0379,0.0116,0.0199,-0.0073,-0.0224,-0.009145835,0.010734904,0.016811635,0.008927601,0.00669581,0.003337156,0.0625,-0.042159562,-0.013027,0.008171,0.061628,-0.035325,0.0729,0.1048,-0.015786173
199612,-0.017,0.0321,0.0089,0.0056,0.0151,0.0059,0.015233623,0.014599291,-0.003863409,0.024459779,0.019126832,0.000357365,-0.017,0.042814358,0.01206,0.009518,-0.015792,0.033358,-0.0319,-0.0217,0.04300768
199701,0.0498,-0.0182,-0.0165,0.013,-0.0028,0.0195,0.011800206,-0.01768321,0.009377225,0.039676742,0.004405051,0.034191816,0.0498,-0.001739572,-0.006245,0.017869,0.049459,-0.008086,-0.0314,0.0921,-0.023537663
199702,-0.0049,-0.0253,0.052,0.0069,0.0341,-0.0205,-0.008981989,0.067223978,0.007321703,0.058723811,0.068139613,-0.035575849,-0.0049,-0.016976137,0.02944,-0.015526,-0.00491,-0.024678,-0.0393,0.0452,0.001532317
199703,-0.0502,-0.0048,0.0381,0.0036,0.0167,0.0097,0.004944642,0.055339189,0.009651317,0.029704934,0.038685905,-0.008740746,-0.0502,0.005603235,0.017944,0.017882,-0.049178,-0.00528,0.0214,-0.0776,0.014128669
199704,0.0404,-0.0573,-0.0007,0.0326,-0.0089,0.0492,0.022384879,0.043222867,0.037222679,-0.014635739,0.022459009,0.024781313,0.0404,-0.042613185,-0.018817,0.039516,0.03806,-0.04724,0.059,0.0771,-0.025391015
199705,0.0674,0.0465,-0.0387,-0.0097,-0.0291,-0.0516,-0.009700011,-0.072319738,-0.001193134,-0.017397064,-0.055651837,-0.021717355,0.0674,0.042676678,-0.032224,-0.002472,0.067361,0.050078,0.0154,0.0368,0.002099037
199706,0.041,0.0126,0.0123,0.0101,0.0054,0.0262,0.030394776,0.015419737,0.01039935,0.057572928,0.008275387,0.012257486,0.041,0.009214278,0.002182,0.021258,0.040351,0.010381,0.0096,0.0641,0.032347978
199707,0.0733,-0.0284,0.0082,-0.0024,-0.0256,0.0382,-0.013223994,-0.01821836,0.001778647,0.009151475,-0.01114758,0.006927311,0.0733,-0.021358461,-0.029924,0.013245,0.07222,-0.013914,0.026,0.1296,0.022173013
199708,-0.0415,0.0766,0.0138,-0.0093,-0.0002,-0.0256,0.00406603,-0.023834939,-0.011289978,0.021572225,-0.0094362,-0.005904784,-0.0415,0.076379523,-0.00757,-0.014222,-0.040348,0.074759,-0.0078,-0.0698,8.04E-06
199709,0.0535,0.0256,0.0001,-0.0139,-0.0092,0.0147,-0.002360392,-0.032681003,-0.018936078,0.082537449,-0.008293199,-0.016860719,0.0535,0.021000266,-0.000782,-0.010173,0.053923,0.023927,-0.0155,0.0934,-0.0100015
199710,-0.038,-0.0051,0.0195,0.0109,0.0187,-0.0038,-0.034907214,0.014322438,0.007181734,0.046219468,0.018201898,-0.033375876,-0.038,0.005225424,0.026066,-0.01074,-0.038347,-0.010631,-0.0014,-0.0268,0.000214612
199711,0.0298,-0.0503,0.0079,0.0307,0.0166,0.003,0.005268145,0.056876721,0.031990054,0.01656167,0.044062788,0.01430382,0.0298,-0.04313724,0.028772,0.014108,0.026631,-0.055261,0.0544,0.0172,-0.00769328
199712,0.0132,-0.0201,0.0345,0.0119,0.0192,0.0394,0.023215365,0.023247733,-0.000349931,0.066995466,0.031937425,-0.004171916,0.0132,-0.003711583,0.022516,0.016089,0.013188,-0.022531,0.004,0.0477,0.011848484
199801,0.0015,-0.0141,-0.0145,0.0046,-0.0085,0.001,0.001510103,-0.010011511,0.014306662,-0.013584924,-0.006583635,0.01936924,0.0015,-0.012468202,-0.011899,0.022159,0.000298,-0.011971,0.0045,-0.0313,0.001700305
199802,0.0704,-0.0002,-0.0013,-0.0086,-0.024,-0.0113,0.019092438,-0.028013779,-0.00151233,0.000897893,-0.01641993,-0.005199028,0.0704,0.009809329,-0.024971,0.011219,0.069456,0.010745,0.0585,0.1082,-0.000296235
199803,0.0476,-0.0065,0.0105,-0.0102,-0.0047,0.0214,0.009587731,-0.010337756,-0.006296852,0.037202953,-0.010258685,-0.019048066,0.0476,-0.025925981,0.005559,-0.002875,0.046816,-0.00374,-0.0244,0.0619,0.053524286
199804,0.0073,-0.0002,0.0074,-0.0213,-0.0023,0.008,0.018846638,0.008681359,-0.005374978,0.031650691,0.00818667,-0.003479149,0.0073,0.005020719,0.001887,-0.001947,0.006596,0.004824,-0.0082,0.0352,0.038568078
199805,-0.0307,-0.0311,0.0416,0.0096,0.0254,0.0188,-0.003663624,0.047050588,0.013997402,0.017426529,0.038738823,0.013897665,-0.0307,-0.021677943,0.02256,0.017575,-0.029553,-0.026217,-0.0119,-0.0162,-0.007649719
199806,0.0318,-0.0368,-0.0233,-0.0052,-0.0293,0.0726,0.011547921,-0.010910948,0.014268028,-0.011805434,-0.004367509,0.0755707,0.0318,-0.027600555,-0.015115,0.031629,0.027923,-0.032801,0.0161,0.0302,-0.005001268
199807,-0.0246,-0.0532,-0.0096,0.0182,0.0045,0.037,0.030694911,0.060343338,0.016352278,-0.00294789,0.031612879,0.005939307,-0.0246,-0.047483879,0.018864,0.009712,-0.02724,-0.057032,0.0016,0.0244,-0.003308431
199808,-0.1608,-0.0502,0.034,0.0347,0.0585,0.0189,0.017257643,0.097856734,0.074650125,-0.007978939,0.068601111,0.063633313,-0.1608,-0.022614265,0.054454,0.030535,-0.161856,-0.061962,-0.0307,-0.2806,-0.004996677
199809,0.0615,-0.0084,-0.0331,-0.0151,-0.0291,-0.0064,0.046357172,-0.056348418,-0.002216408,-0.037156059,-0.005883513,0.006506124,0.0615,-0.015104947,-0.030759,-0.018266,0.059952,-0.020572,0.0153,-0.1046,-0.037696375
199810,0.0713,-0.0351,-0.0221,0.0059,0.0028,-0.0536,-0.042140329,0.003816786,-0.000156291,-0.087320319,-0.009305921,-0.045958929,0.0713,-0.030023118,-0.009464,0.006345,0.07104,-0.021584,0.0156,0.1521,-0.018636822
199811,0.061,0.0064,-0.0315,-0.0124,-0.0115,0.0117,0.032186199,-0.014460512,0.002095043,-0.035904972,-0.000930804,-0.003312724,0.061,0.007420166,-0.000277,0.013718,0.05879,0.008948,0.0094,0.1098,0.012059193
199812,0.0616,-0.0151,-0.0446,-0.0075,-0.0333,0.0906,0.065773798,-0.038926767,0.007482143,-0.02860723,-0.018323473,0.089870847,0.0616,-0.023133171,-0.02943,0.029322,0.059272,-0.018799,-0.0052,6.00E-04,0.016797432
199901,0.035,-0.0075,-0.0403,-0.0269,-0.0686,0.0305,0.030149496,-0.042832401,-0.028186701,-0.037015024,-0.034341266,-0.026181047,0.035,0.003972118,-0.044608,-0.032527,0.034962,-0.018847,0.0389,0.0492,0.016343245
199902,-0.0408,-0.0515,0.014,-0.0171,0.0409,-0.0011,-0.019533838,0.040404798,-0.006528008,0.009974193,0.03639915,-0.030641704,-0.0408,-0.050702847,0.048152,0.000119,-0.041457,-0.042264,0.0277,0.0272,0.005260208
199903,0.0345,-0.0429,-0.0265,-0.042,-0.0139,-0.0129,0.026396726,-0.023216282,-0.025430081,-0.073123179,-0.020418591,-0.021766263,0.0345,-0.045282016,0.002998,-0.006929,0.033856,-0.055939,-0.0066,0.0651,-0.026948074
199904,0.0433,0.0466,0.0253,-0.0242,0.0092,-0.0906,-0.032685201,0.06719641,-0.039158329,-0.001990027,0.006905777,-0.096749665,0.0433,0.018033273,0.026516,-0.051571,0.045321,0.039783,0.0983,0.0456,0.024610299
199905,-0.0246,0.0373,0.024,0.0109,0.0336,-0.0528,0.02104389,0.018523925,0.018728265,0.036372971,0.024544931,0.007099219,-0.0246,0.060536618,0.00441,0.006713,-0.02417,0.049385,-0.0093,-0.0638,0.004110247
199906,0.0477,0.0225,-0.036,0.0132,-0.0337,0.0489,0.012588321,-0.023547177,0.013360782,-0.013393138,-0.005442724,0.037564848,0.0477,0.011335822,-0.021164,0.023909,0.046723,0.03148,0.0324,0.0538,-0.022296077
199907,-0.0349,0.0253,-0.0076,0.0048,0.0311,0.0152,0.011751381,0.039005824,0.02358487,0.000936724,0.046192136,-0.004015846,-0.0347,0.025965972,0.03354,0.009611,-0.034374,0.022313,-0.0163,-0.0678,0.073604894
199908,-0.0138,-0.0193,-0.0131,-0.0029,0.0031,0.0292,0.007526801,0.030806618,0.028659194,-0.026813302,0.03302837,0.032271056,-0.0138,-0.012865788,-0.011737,-0.000074,-0.013862,-0.015369,-0.0003,-0.0207,0.006487945
199909,-0.0279,0.0256,-0.034,-0.0074,-0.0106,0.0644,-0.006268199,-0.040548147,0.009543333,-0.049937757,0.001177527,0.06359463,-0.0281,0.006600279,-0.013287,-0.001255,-0.02655,0.017678,-0.0359,-0.0524,0.009284033
199910,0.0612,-0.0709,-0.0288,-0.0171,-0.0125,0.0548,0.048068402,-0.050610432,-0.007595468,-0.024233023,-0.017775378,-0.007499201,0.0613,-0.064486118,0.00337,0.020451,0.058565,-0.056765,0.095,0.1116,-0.006052048
199911,0.0337,0.059,-0.0651,-0.0385,-0.0158,0.0562,0.016738428,-0.114716444,-0.007026548,-0.119439963,-0.043749552,0.066077256,0.0337,0.052280058,-0.038967,-0.029739,0.033012,0.057291,-0.017,-0.0154,0.000660124
199912,0.0772,0.0542,-0.0874,-0.0791,-0.0529,0.1319,0.052634527,-0.100262651,-0.018740142,-0.113326665,-0.03228556,0.105424422,0.0772,0.036863722,-0.054979,-0.054549,0.079994,0.041842,0.0388,0.0048,-0.049966048
200001,-0.0474,0.0415,-0.0029,-0.0605,0.0473,0.0186,0.006622152,0.010683195,-0.030200245,-0.00206149,0.012018777,-0.025193896,-0.0474,0.037491489,0.028671,-0.050537,-0.043955,0.056459,0.0138,-0.0574,0.05897282
200002,0.0245,0.1832,-0.0993,-0.1833,-0.0051,0.1836,0.119815909,-0.245553661,-0.080005799,-0.134600724,-0.078095031,0.078481998,0.0245,0.160364319,-0.053959,-0.075332,0.027483,0.221293,0.0107,-0.0433,0.01250322
200003,0.052,-0.1491,0.0738,0.1168,-0.0105,-0.0639,0.003560116,0.139815483,0.052429895,0.00167088,0.002188768,-0.005140119,0.052,-0.089147454,0.018173,0.076678,0.049123,-0.143923,-0.0025,0.1179,0.020930597
200004,-0.064,-0.0555,0.0861,0.0755,0.0527,-0.0858,-0.020851653,0.069920501,0.067817075,0.069138762,0.04487786,0.026923709,-0.064,-0.038701568,0.037969,0.08705,-0.064122,-0.048603,-0.0465,-0.0566,0.021568166
200005,-0.0442,-0.0368,0.0256,0.0463,0.0074,-0.0908,-0.019280816,0.059875171,0.034086369,0.060375768,0.077272498,-0.036916119,-0.0442,-0.043940182,0.005484,0.000493,-0.043653,-0.046154,-0.027,0.0403,-0.013779462
200006,0.0464,0.1039,-0.0986,-0.0683,-0.0307,0.166,-0.000450527,-0.159597569,-0.035654336,-0.101468218,-0.078659486,0.025321097,0.0464,0.09285924,-0.034196,-0.047658,0.047854,0.102735,-0.0333,-0.0222,-0.066081466
200007,-0.0251,-0.0095,0.0806,0.06,0.0299,-0.0011,0.003438433,0.07265743,0.027498018,0.061486981,0.060213897,0.011123745,-0.0251,-0.008489919,0.022552,0.034323,-0.022484,0.009944,0.1108,0.0927,0.027470404
200008,0.0703,-0.011,-0.0066,-0.0307,0.0061,0.0571,0.041212157,-0.028504921,-0.02548179,-0.049918296,-0.007291048,-0.004012472,0.0703,0.024616351,-0.00803,-0.020458,0.070005,0.004231,-0.01,0.1214,0.001650995
200009,-0.0545,0.0023,0.0613,0.0308,0.0643,0.0218,0.032909954,0.086279818,0.031026199,0.081632028,0.054643389,-0.008309891,-0.0545,-0.019415356,0.052363,0.020914,-0.056238,0.016325,-0.0386,-0.0177,0.044143104
200010,-0.0276,-0.0283,0.0564,0.0966,0.0468,-0.0463,0.004643419,0.107380902,0.086025178,0.01361327,0.075404764,0.092349009,-0.0276,-0.025091956,0.029439,0.073344,-0.029709,-0.022263,0.0217,-0.0142,0.047666101
200011,-0.1072,-0.0046,0.1126,0.1333,0.0851,-0.0241,0.005619722,0.187923728,0.125528502,0.134994239,0.124413134,0.148535751,-0.1072,0.002984161,0.074776,0.103728,-0.107337,0.015305,-0.0385,-0.0922,0.024945817
200012,0.0119,0.0317,0.0737,0.0185,0.0567,0.067,-0.033566668,0.061133191,-0.014695219,0.084972495,0.059638444,0.007329443,0.0119,0.034428019,0.063482,0.051884,0.015517,0.046832,0.0076,0.1185,0.005017265
200101,0.0313,0.058,-0.0486,-0.0444,-0.0655,-0.2506,-0.029956861,-0.100656677,-0.066097998,-0.156832109,-0.073960202,-0.158411517,0.0313,0.036582401,-0.071565,-0.108164,0.034356,0.0274,0.068,0.0564,0.037541062
200102,-0.1005,0.0266,0.1287,0.09,0.0956,0.1251,0.002887877,0.204176099,0.070335574,0.153855165,0.145830422,0.185223504,-0.1005,0.03719831,0.092504,0.05164,-0.102752,0.028777,0.0428,-0.1093,3.16E-05
200103,-0.0726,0.0232,0.0646,0.034,0.0393,0.0835,0.024093206,0.094711609,0.045579889,0.105212148,0.076805088,0.118729658,-0.0726,0.033597301,0.037549,0.034528,-0.07471,0.02959,0.0733,-0.039,-0.001131721
200104,0.0794,-0.0063,-0.0472,-0.0272,-0.0395,-0.0797,0.017239054,-0.087121162,-0.018944897,-0.047797603,-0.089322567,-0.063087101,0.0794,0.010034049,-0.037692,0.000685,0.079967,-0.009077,0.0039,0.0492,-0.008666885
200105,0.0072,0.0358,0.0318,0.0018,0.0218,0.0212,-0.002502549,0.005506228,-0.015123924,0.066708801,0.035914819,0.004138382,0.0072,0.039665275,0.023402,-0.025464,0.007275,0.043764,0.0271,0.0241,-0.003771926
200106,-0.0194,0.0661,-0.0103,0.0203,-0.018,0.0035,0.039784951,0.000517061,0.02006204,0.034266879,0.023657515,8.79E-05,-0.0194,0.060800626,-0.017745,-0.007492,-0.020332,0.066803,0.0076,-0.0406,0.059895115
200107,-0.0213,-0.0291,0.0557,0.0716,0.0301,0.0547,-0.043142234,0.083304068,0.04650051,0.070757602,0.068589535,0.084364713,-0.0213,-0.005239289,0.013819,0.03948,-0.021293,-0.0212,0.0383,-0.0042,0.018123647
200108,-0.0646,0.0273,0.0251,0.0395,0.065,0.0554,0.024986407,0.090988675,0.040820962,0.070572864,0.07279759,0.070124711,-0.0646,0.055902703,0.056318,0.043127,-0.061976,0.02379,0.0482,-0.0335,0.011214351
200109,-0.0925,-0.0569,0.016,0.0496,0.0327,0.1153,0.046116634,0.059437817,0.056735311,0.052018422,0.07327973,0.118118322,-0.0925,-0.051235538,0.028623,0.091985,-0.094218,-0.049237,-0.097,-0.1053,-0.004234233
200110,0.0246,0.0542,-0.081,-0.0266,-0.0464,-0.0841,-0.019297818,-0.091008632,-0.00666757,-0.069970944,-0.072361958,-0.044823247,0.0246,0.031649838,-0.029691,-0.043988,0.025679,0.034885,0.0344,0.0253,-0.013570807
200111,0.0754,-0.003,0.0201,-0.0376,-0.0166,-0.0858,-0.013581442,-0.02697079,-0.018448504,-0.064240277,-0.03111605,-0.052835307,0.0754,-0.012185823,-0.011374,-0.084919,0.077031,-0.01388,0.0344,0.0871,-0.008963769
200112,0.0161,0.0514,0.011,0.003,-0.0029,-0.0002,0.035906906,0.005359632,-0.005591952,0.019183311,-0.007364704,0.002718812,0.0161,0.046654459,-0.001814,0.005375,0.016364,0.053221,0.0678,0.031,0.012325927
200201,-0.0144,0.0119,0.0333,0.0435,0.0284,0.0369,0.019307215,0.082494838,0.045662658,0.050947298,0.060543195,0.074430458,-0.0144,0.012178691,0.032502,0.002966,-0.017367,0.007275,-0.0121,-0.0343,0.009447267
200202,-0.0229,-0.0046,0.025,0.0762,0.0512,0.0676,0.011987957,0.114221056,0.037344747,0.096994783,0.05593566,0.064442178,-0.0229,0.014349382,0.044481,0.053189,-0.02298,-0.004891,0.0246,-0.0307,0.003279043
200203,0.0424,0.0428,0.011,-0.0136,0.0061,-0.0167,0.008343562,-0.015242737,-0.02067379,0.030554486,-0.031108685,-0.049959269,0.0424,0.04042427,0.007793,-0.047112,0.043341,0.046174,0.0877,0.0974,0.023076337
200204,-0.052,0.0666,0.0392,0.0457,0.0541,0.0796,0.055143386,0.130678403,0.025925446,0.12922491,0.042548186,0.054168762,-0.052,0.077352731,0.040768,0.05466,-0.051163,0.075837,0.0547,-0.0023,-0.006275505
200205,-0.0138,-0.0307,0.0168,0.0227,0.0242,0.0297,0.003593119,0.055763507,0.018978127,0.074264153,0.028092848,0.030859287,-0.0138,-0.03527491,0.021867,0.018102,-0.011965,-0.03179,0.0522,0.0313,-0.013036758
200206,-0.0721,0.0378,0.0012,0.0362,0.0251,0.0615,-0.009596536,0.052558779,0.035430163,0.080782798,0.033048869,0.048258735,-0.0721,0.03454329,0.035487,0.049346,-0.071561,0.035704,-0.0102,-0.0593,-0.014327229
200207,-0.0818,-0.0624,-0.0344,0.0419,-0.0072,0.0334,-0.005097636,0.080208898,0.061560593,-0.013435593,0.046799367,0.030826129,-0.0818,-0.05944872,0.019766,0.067015,-0.082657,-0.063911,-0.0528,-0.0905,-0.014941692
200208,0.005,-0.0127,0.0252,0.0115,-0.0161,0.0177,0.001548896,0.014312182,0.007698443,0.030898144,0.005071016,0.0128535,0.005,0.023064649,-0.008614,0.024744,0.006577,-0.000081,-0.0036,0.0367,-0.002507334
200209,-0.1035,0.0307,0.0132,0.0324,-0.0228,0.0909,0.022774236,0.017858959,0.043849959,0.054958117,-0.005859379,0.058235305,-0.1035,0.046503679,-0.02143,0.044195,-0.101334,0.03134,-0.012,-0.1447,0.009162585
200210,0.0784,-0.0412,-0.0545,-0.0328,0.0092,-0.053,-0.036275281,-0.051338941,0.00097193,-0.089121432,0.005410625,0.002811623,0.0784,-0.030045514,0.002945,-0.046507,0.073589,-0.051446,0.0354,0.073,0.009244575
200211,0.0596,0.029,-0.0112,-0.0913,0.0512,-0.1617,0.008597892,-0.09992545,-0.090360116,-0.142601809,0.012744334,-0.0922034,0.0596,0.000562236,0.032723,-0.111739,0.060105,0.014949,0.0304,0.0849,0.009787253
200212,-0.0576,0.005,0.0223,0.0604,-0.0159,0.0965,-0.017739038,0.073626196,0.042105017,0.121406428,-0.002190628,0.04908054,-0.0576,0.022847858,-0.022604,0.053226,-0.054392,0.000672,-0.0116,-0.0609,0.066040241
200301,-0.0257,0.0081,-0.0093,-0.0063,0.0081,0.0162,0.02010724,-0.004556291,-0.002773501,0.013111855,0.019839583,0.012029197,-0.0257,0.004103756,0.006904,-0.006006,-0.024326,-0.009848,-0.0213,-0.0139,0.006079283
200302,-0.0188,-0.0089,-0.0145,0.0104,-0.0055,0.0125,-0.003767425,0.008632406,0.023158803,0.018574265,0.016752683,0.012396502,-0.0188,0.000351697,-0.001279,0.009054,-0.016261,-0.020311,0.0068,-0.0012,0.006971483
200303,0.0109,0.0055,-0.0208,0.018,-0.0069,0.0161,0.022451414,-0.02593904,0.011082728,0.011971213,-0.011851198,0.024880393,0.0109,0.015185935,-0.001248,0.034118,0.009305,0.014022,0.0026,-0.0172,0.011499329
200304,0.0822,0.0106,0.0103,-0.0457,0.0114,-0.0946,-0.023022219,-0.046364415,-0.060358852,-0.034761582,0.000604516,-0.067367559,0.0822,0.000825313,0.010387,-0.044556,0.081823,0.023577,0.0423,0.132,-0.009753545
200305,0.0605,0.0483,-0.0029,-0.0692,0.0322,-0.1077,-0.003711168,-0.059381184,-0.069784811,-0.056145654,-0.023816489,-0.052971104,0.0605,0.020576177,0.01844,-0.082343,0.062568,0.038182,0.0123,0.0756,0.008180817
200306,0.0142,0.0168,0.0068,0.0055,-0.0033,-0.0106,0.005620415,0.003321346,-0.010767144,0.018653811,-0.019198312,0.013163621,0.0142,0.018958496,-0.010625,0.011003,0.015352,0.022173,-0.0076,0.0384,0.036292895
200307,0.0235,0.0473,-0.0113,-0.0417,0.0187,-0.0031,0.009419649,-0.029748699,-0.02406609,0.005461794,0.012521066,-0.016009896,0.0235,0.04486696,0.023403,-0.017466,0.022438,0.043799,0.0668,0.0393,0.02139156
200308,0.0234,0.0254,0.0203,-0.0246,0.022,-0.0056,0.007421249,-0.029673432,-0.013710964,0.00340619,-0.021367494,0.018634377,0.0234,0.019272882,0.023652,-0.012414,0.024277,0.022379,0.0375,-0.0043,-0.009542263
200309,-0.0124,0.0052,0.0001,0.0134,0.0031,-0.0019,-0.007086288,0.022626203,-0.00145187,0.017933171,0.025060672,-0.022197677,-0.0124,-0.001304697,0.002264,0.012645,-0.009977,0.006884,-0.0069,0.0197,-0.051785885
200310,0.0608,0.0264,0.0177,-0.0159,0.0155,0.0373,0.037122388,-0.01052293,-0.012247812,0.002588592,5.64E-05,0.011246213,0.0608,0.026532184,0.010325,-0.017523,0.059619,0.030468,0.0179,0.0797,0.000173893
200311,0.0135,0.0221,0.0185,0.0008,0.0167,0.0162,0.025325477,0.027726893,0.004150715,0.045752189,0.007414967,0.002278522,0.0135,0.018315268,0.023044,0.007775,0.015868,0.021947,0.0037,0.0088,0.010160987
200312,0.0429,-0.0269,0.0241,0,0.0097,-0.0571,-0.016321866,0.005979494,-0.019081135,0.062709682,-0.006095739,-0.051237096,0.0429,-0.01822537,0.007733,-0.017391,0.044658,-0.02782,-0.0059,0.0571,0.020916453
200401,0.0215,0.0254,0.0197,-0.0353,0.034,0.026,-0.010660623,-0.023694015,-0.039470814,-0.014436412,0.014050014,-0.014992531,0.0215,0.025420751,0.020596,-0.024371,0.022355,0.031139,-0.0541,0.015,0.035754878
200402,0.014,-0.0091,0.005,0.0228,-0.0134,-0.0109,-0.003971483,0.029158009,0.003980281,0.053849757,-0.011842429,-0.015520007,0.014,-0.008870475,-0.008831,0.02132,0.014835,-0.003073,0.0243,0.0309,0.006721808
200403,-0.0132,0.0211,0.0022,0.015,-0.0104,0.0021,0.012395768,-0.006843116,0.012782803,0.051192139,-0.015236307,0.007093203,-0.0132,0.016989095,-0.007352,0.017558,-0.011518,0.025229,0.0225,-0.016,-0.028628788
200404,-0.0183,-0.0219,-0.0262,0.0331,-0.028,-0.0539,0.009799213,0.052598863,0.039349507,0.000847277,-0.023659239,-0.004240986,-0.0183,-0.027976848,-0.029001,0.000199,-0.025027,-0.032169,-0.0133,-0.0461,-0.003745009
200405,0.0117,-0.004,-0.0039,-0.0097,-0.0008,0.0161,0.001566718,-0.035289636,-0.0021284,0.003772374,0.003030436,0.009859297,0.0117,0.011373791,0.005519,0.01071,0.013465,-0.003832,0.0095,0.0067,-0.003576026
200406,0.0186,0.0257,0.0139,0.0112,-0.0041,0.021,0.025951355,0.011724577,-0.000584622,0.025456313,0.008952822,0.016950021,0.0186,0.027202775,-0.002625,0.005568,0.020761,0.02241,0.0202,0.0179,0.008863127
200407,-0.0406,-0.0302,0.0412,0.0508,-0.0162,-0.0229,0.015469358,0.047214777,0.033649353,0.059638562,0.02273422,-0.012302229,-0.0406,-0.03296997,-0.009727,0.024041,-0.038585,-0.03347,0.0612,-0.0266,-0.030745963
200408,0.0008,-0.0127,0.0102,0.013,-0.0143,-0.0155,0.004168069,0.01368041,-0.000438822,0.026706813,0.006487581,-0.046368288,0.0008,-0.016504403,-0.012004,-0.012281,0.001598,-0.0152,0.0528,0.0331,0.020590514
200409,0.016,0.0329,-0.0025,-0.0134,-0.0189,0.0524,0.012038685,-0.023076906,-0.010975891,0.029844301,-0.026785935,0.033330181,0.016,0.036175609,-0.02211,-0.002117,0.019362,0.037984,0.004,0.0228,0.031330792
200410,0.0143,0.0029,-0.0062,-0.0007,0.004,-0.0152,-0.00404148,-0.006923901,0.00456822,0.015284622,0.013017356,-0.008756816,0.0143,0.005206152,0.006071,-0.014207,0.016676,-0.007933,0.0035,0.0373,0.003440364
200411,0.0454,0.0413,0.018,-0.0106,-0.0022,0.0323,-0.011308601,-0.002655187,-0.020167716,0.030891727,-0.012661103,1.37E-05,0.0454,0.036653674,-0.004265,-0.011426,0.046666,0.044855,0.0135,0.0385,0.001543283
200412,0.0343,0.0001,-0.0007,-0.0126,0.0051,-0.0284,0.003161252,0.006417648,-0.009014842,0.015163941,-0.007979013,-0.017346167,0.0343,-0.010167712,0.003165,-0.008502,0.033505,-0.000439,-0.0313,0.0375,0.020383434
200501,-0.0276,-0.0111,0.0196,0.0305,-0.0137,0.0321,0.004275817,0.062396711,0.018435157,0.03914386,0.008845794,0.020226569,-0.0276,-0.008402652,-0.003988,0.032611,-0.028213,-0.003921,0.0403,-0.0287,0.020276732
200502,0.0189,-0.003,0.0164,0.012,-0.0006,0.0316,0.005780857,-0.013106758,0.006913265,0.034338094,-0.016318126,0.037577163,0.0189,0.007009641,0.002761,0.035664,0.02104,0.00144,0.044,0.0211,0.006733677
200503,-0.0197,-0.014,0.0159,0.0047,0.0111,0.0054,0.00121501,0.029633463,0.019003271,0.006470681,0.010870094,0.033636208,-0.0197,-0.012645999,0.009049,0.005253,-0.019071,-0.017539,-0.0013,-0.0311,0.041955999
200504,-0.0261,-0.0402,-0.0035,0.0096,-0.009,-0.0085,0.000120758,0.000920636,0.014185067,0.014649798,-0.007066906,-0.003488775,-0.0261,-0.04108252,-0.014672,-0.01103,-0.027257,-0.044852,-0.053,-0.0071,-0.011848616
200505,0.0365,0.0272,-0.0081,-0.0131,0.0028,0.0043,0.01951909,-0.015015746,0.001625598,-0.018812183,0.00380685,0.01611874,0.0365,0.026494253,-0.000437,0.00976,0.035561,0.029569,0.0125,6.00E-04,-0.0011894
200506,0.0057,0.0326,0.0263,0.0098,-0.0053,0.0205,-0.002514191,-0.016447929,-0.008836265,0.03703002,-0.000590392,-0.018016732,0.0057,0.029961216,-0.002003,-0.004265,0.00927,0.038093,0.044,0.0144,0.023022609
200507,0.0392,0.0283,-0.0051,-0.0119,-0.0098,-0.0001,6.83E-05,-0.029278742,-0.009664832,0.016458298,-0.011802175,-0.00112746,0.0392,0.025721108,-0.0206,-0.001919,0.040942,0.027216,0.0251,0.0228,0.012938293
200508,-0.0122,-0.0086,0.0127,-0.0223,0.0045,0.0227,0.00303545,-0.021981353,-0.010418218,0.002549372,-0.000057521,0.008265762,-0.0122,-0.005393565,0.002366,-0.006857,-0.008866,-0.007894,0.0236,0.003,0.012826624
200509,0.0049,-0.0031,0.0076,0.0049,-0.0056,0.0346,0.032455493,-0.010764033,-0.010145149,0.002674363,-0.005591619,0.017733369,0.0049,-0.01356536,-0.000209,0.008655,0.007758,0.00001,0.0284,0.0357,0.004227457
200510,-0.0202,-0.0141,0.0023,-0.0058,-0.0126,-0.0128,-0.005069473,-0.021826136,0.018667739,-0.021982386,0.01353395,-0.018283769,-0.0202,-0.017169294,-0.003228,0.010987,-0.023605,-0.005113,-0.0397,0.0063,0.024658676
200511,0.0361,0.008,-0.0119,-0.006,-0.0119,0.0025,0.009063576,-0.00504205,-0.000693518,8.34E-05,-0.00869905,0.015399202,0.0361,0.005901404,-0.010572,0.007661,0.037284,0.012252,0.0107,0.0509,0.002926969
200512,-0.0025,-0.0027,0.0044,0.0012,0.0024,0.0077,-0.009227924,-0.011559709,-0.018131755,0.014087031,-0.013217635,-0.009359613,-0.0025,-0.011124147,0.008719,0.002107,0.000296,-0.000199,0.0016,0.019,0.012336174
200601,0.0304,0.0577,0.0112,-0.0094,-0.0054,0.0268,-0.003165285,-0.033654424,-0.020959255,0.009158459,-0.039937464,0.011358082,0.0304,0.065749896,-0.006795,-0.00261,0.036545,0.064385,0.0276,0.0419,0.007272929
200602,-0.003,-0.0045,-0.0025,-0.007,0.02,-0.0184,-0.006319657,0.006848186,-0.009897647,0.006524215,0.027110761,-0.015108193,-0.003,-0.011630181,0.024359,-0.010089,-0.004962,-0.003884,-0.0286,0.0348,0.005523302
200603,0.0146,0.0345,0.006,-0.0004,-0.005,0.0126,0.020497096,-0.003881643,-0.006288349,0.010949208,-0.02040857,0.027810611,0.0146,0.021692648,-0.013499,0.007662,0.015411,0.031212,0.0038,0.0107,-0.033275436
200604,0.0073,-0.0083,0.026,0.0115,-0.0025,0.0061,0.006550126,0.008539836,-0.009344255,0.013426748,-0.006377756,0.005687171,0.0073,-0.020454184,0.003323,0.008134,0.009406,-0.002976,0.0169,0.0477,-0.032160579
200605,-0.0357,-0.0299,0.0255,0.0096,0.0134,-0.0365,0.013182861,0.029438471,0.009412917,0.002897679,0.024482794,-0.035627218,-0.0357,-0.026358959,0.013173,-0.000966,-0.03524,-0.03512,0.0126,-0.0346,0.01513519
200606,-0.0035,-0.0023,0.0088,0.0138,-0.0011,0.0149,0.013353145,0.003822416,0.00954542,0.00079959,-0.006860615,0.009387419,-0.0035,-0.019539716,-0.004023,0.010342,-0.004356,-0.003277,0.0174,-0.0092,-0.002836633
200607,-0.0078,-0.0369,0.0294,0.0154,0.0093,-0.0221,-0.011352696,0.042234451,-0.000130196,0.020661557,0.031714601,-0.012601456,-0.0078,-0.020257171,0.013492,0.005495,-0.00586,-0.031608,0.0237,0.0319,0.007928095
200608,0.0203,0.0044,-0.0171,-0.0174,0.0215,-0.0347,-0.01823498,0.01554887,-0.001890805,-0.00446465,0.013300316,-0.020607577,0.0203,0.009743306,0.019417,-0.013425,0.020765,0.004229,-0.0382,0.0265,0.01576273
200609,0.0184,-0.0143,0.0005,0.0088,0.0053,-0.0094,-0.003954274,0.031932285,0.012409368,-0.001722653,0.01217102,0.001528809,0.0184,-0.009272488,0.009793,0.006228,0.015377,-0.009659,-0.0102,0.0355,0.00501265
200610,0.0323,0.0193,-0.0004,-0.0022,0.0026,-0.0024,-0.025602858,-0.009010118,-0.010289578,0.00467133,-0.011926778,-0.002587309,0.0323,0.019095498,0.001849,-0.002814,0.033058,0.019594,0.0447,0.0305,-0.008666081
200611,0.0171,0.0081,0.0007,0.0009,-0.0088,-0.0101,0.000578819,-0.004262221,-0.006017272,0.014729514,-0.013287407,-0.010828516,0.0171,0.003661689,-0.015909,0.004867,0.019462,0.003942,0.0258,0.0087,-0.015105701
200612,0.0087,-0.008,0.0315,-0.008,0.0205,0.0084,-0.005879953,0.028929171,-0.007206869,0.025571997,0.01855192,-0.007877374,0.0087,-0.002477763,0.018276,-0.005655,0.006818,-0.000035,-0.025,0.0223,0.005464516
200701,0.014,0.0008,-0.0011,0.0022,0.0024,0.0021,-0.007800023,-0.001451572,-0.003390347,0.01384426,-0.008505698,0.00086582,0.014,-0.002971536,0.006221,0.000129,0.015076,-0.001005,0.0106,0.0148,0.000314132
200702,-0.0196,0.014,-0.0009,-0.0047,-0.0074,-0.0135,-0.005084406,-0.011789165,-0.005105388,0.011666623,-0.011571507,0.001532604,-0.0196,0.006794468,-0.009589,-0.00735,-0.017831,0.014373,0.0318,-0.0296,-0.010072349
200703,0.0068,0.0007,-0.0022,0.0025,-0.0059,0.0247,0.013832585,-0.012271354,0.002068183,0.000764141,-0.01531652,0.045511979,0.0068,0.006293618,-0.011895,0.00446,0.008689,-0.001837,0.0209,0.0105,-0.034713581
200704,0.0349,-0.0202,-0.0115,0.0102,0.0101,-0.0016,-0.0164328,-0.005823714,-0.001860414,0.008658877,-0.004013446,0.009737307,0.0349,-0.014020707,0.008552,0.0055,0.035473,-0.017327,0.0098,0.069,-0.005754847
200705,0.0324,0.0028,-0.0004,0.0113,-0.0129,-0.0026,0.012908547,-0.007266416,0.005933138,-0.010350824,-0.000670298,0.012699811,0.0324,0.005697459,-0.023056,0.005207,0.034886,-0.002525,0.0191,0.0239,0.003939024
200706,-0.0196,0.0076,-0.0112,0.0053,0.0007,0.0038,0.014676212,-0.002353637,0.011016609,0.008107817,-0.015679396,0.021123508,-0.0196,0.00786943,0.009407,0.011879,-0.018672,0.005443,0.0278,-0.0433,0.009385372
200707,-0.0373,-0.0287,-0.0333,0.0057,-0.0104,0.028,0.013460978,-0.006315356,0.023419562,-0.006372343,-0.023332276,0.0669003,-0.0373,-0.024984601,-0.022168,0.017101,-0.03572,-0.030651,0.0285,-0.0428,-0.025198456
200708,0.0092,-0.0034,-0.0224,-0.0091,-0.0056,0.0011,0.006337514,-0.00741739,0.013558236,-0.029185077,-0.012126681,-0.005248513,0.0092,0.002689117,-0.013443,0.009003,0.007426,-0.007942,-0.004,-0.0268,0.010418151
200709,0.0322,-0.0241,-0.0186,-0.0058,-0.0317,0.0458,0.035796012,-0.050528568,-0.007858971,0.014043614,-0.038511332,0.035212508,0.0322,-0.026164551,-0.032982,0.015559,0.037502,-0.023496,0.0303,0.037,-0.051646705
200710,0.018,0.0003,-0.026,-0.0031,-0.001,0.0496,0.012016697,-0.012284728,0.00122762,0.002132657,-0.004639503,0.080784263,0.018,0.006760027,0.006854,0.014449,0.022621,0.002302,0.06,0.0292,0.022384526
200711,-0.0483,-0.0281,-0.0118,0.0188,-0.0034,0.0093,-0.003090651,0.014361612,0.036182212,-0.040279143,0.01342967,0.065501398,-0.0483,-0.031540051,0.002129,0.03616,-0.052722,-0.030353,0.0101,-0.0615,0.024268005
200712,-0.0087,0.0018,-0.0051,0.007,-0.0109,0.0652,0.030235117,-0.013344865,0.017780307,-0.024901561,-0.016383066,0.068711734,-0.0087,0.00965644,-0.006409,0.022776,-0.007349,0.006769,0.0581,-0.0563,0.015895406
200801,-0.0636,-0.0052,0.0365,0.0198,0.022,-0.0789,-0.029329025,0.036798219,-0.009293615,-0.021043631,0.045272253,-0.091241273,-0.0636,-0.015625485,0.013982,-0.003197,-0.064577,-0.007319,-0.1249,-0.0386,0.02708111
200802,-0.0309,-0.0053,-0.0094,0.0076,-0.0106,0.0614,-0.001216869,0.012207694,0.020922134,0.022469567,-0.016993982,0.102623464,-0.0309,0.005455276,-0.015009,0.017866,-0.022989,-0.008799,0.0024,-0.0676,0.010970777
200803,-0.0093,0.0075,-0.0014,0.0109,0.0047,0.041,-0.006118332,-0.002499253,0.021819186,-0.067269733,0.000620074,0.049873704,-0.0093,0.009540277,-0.00348,0.023812,-0.012289,0.005777,0.0608,-0.0239,0.018268594
200804,0.046,-0.0115,-0.0095,0.0128,-0.0254,-0.002,-0.006077617,-0.026627678,-0.012498077,-0.021302369,-0.017222807,0.019122231,0.046,0.000459237,-0.023042,-0.008103,0.050081,-0.009393,0.1027,0.0854,0.01784411
200805,0.0186,0.0322,-0.0138,0.0081,0.0004,0.0321,0.018481495,-0.042445386,0.012058215,0.008833341,-0.052229417,0.087702399,0.0186,0.02854831,-0.003696,-0.003418,0.022895,0.025393,0.0693,-0.0579,0.001510228
200806,-0.0844,0.0115,-0.0242,0.043,-0.0042,0.1254,0.032917151,-0.024617953,0.032806521,0.004463396,-0.057946917,0.15435306,-0.0844,-0.011965484,-0.001848,0.063562,-0.080183,0.018807,0.0537,-0.1524,0.021316663
200807,-0.0077,0.0366,0.0588,-0.0098,0.0106,-0.0515,-0.047439929,0.034811812,0.006855922,-0.067497847,0.067942585,-0.07244668,-0.0077,0.029863692,0.018717,0.00096,-0.014768,0.060132,-0.0793,0.0857,0.037123711
200808,0.0153,0.0342,0.0152,0.0185,0.0081,-0.0405,-0.026661327,0.051626076,0.025313547,-0.013553288,0.026488518,-0.00812077,0.0153,0.029965192,0.009592,-0.008536,0.009281,0.018051,0.0127,-0.0333,0.011121755
200809,-0.0924,0.0035,0.0633,0.0295,0.0177,0.0039,0.012864424,0.091935412,0.034680864,-0.090988943,0.057925137,-0.004028502,-0.0924,0.001947471,0.032382,0.017032,-0.099537,0.006395,-0.1175,-0.0253,0.023553441
200810,-0.1723,-0.032,-0.0289,0.036,0.0191,0.078,0.017258539,0.05791453,0.086595487,-0.050507435,0.04464906,0.100346443,-0.1723,-0.03265002,0.01106,0.059615,-0.185413,-0.035139,-0.0723,-0.2343,-0.0133145
200811,-0.0786,-0.0388,-0.0602,0.0483,0.0272,0.0712,0.006341492,0.052686853,0.079363517,-0.035100957,0.017041361,0.117116249,-0.0786,-0.021409345,0.005306,0.035167,-0.084843,-0.052041,-0.0603,-0.1799,0.025108365
200812,0.0174,0.0337,-0.0025,-0.0008,-0.014,-0.0506,-0.01776184,0.000851779,-0.003008772,-0.076384928,0.006459059,-0.020510333,0.0174,0.033825283,-0.023891,-0.005797,0.022119,0.036148,-0.0783,-0.0543,-0.032024959
200901,-0.0812,-0.0201,-0.1118,0.0023,-0.0115,-0.0188,0.006667418,-0.026354583,0.032826731,0.119117984,-0.068253034,0.101565773,-0.0812,-0.009215459,-0.009198,-0.007243,-0.077347,-0.029649,0.0995,-0.184,-0.016908329
200902,-0.101,-0.0117,-0.0727,0.0171,-0.0112,0.0413,0.019297567,0.002663591,0.051909203,-0.003234855,-0.016991424,0.11125048,-0.101,-0.004356365,-0.018046,0.029643,-0.100359,-0.015716,0.0465,-0.1144,0.012547755
200903,0.0895,0.0067,0.0356,-0.0233,-0.0222,-0.1154,-0.006332544,0.020359092,-0.030917809,-0.026514112,0.017553976,-0.059077928,0.0895,0.016603359,-0.005165,-0.033297,0.086531,0.009821,-0.0506,0.1457,-0.042217785
200904,0.1019,0.0671,0.0553,0.0028,0.0014,-0.3439,-0.090283104,0.011875918,-0.06896799,-0.078734704,-0.013631719,-0.214543975,0.1019,0.063588895,0.034711,-0.138519,0.109234,0.07317,-0.0126,0.3055,-0.003780789
200905,0.0521,-0.0233,-0.0023,-0.0098,-0.0216,-0.1244,-0.032352828,-0.054574824,-0.058323749,0.065186846,-0.048459825,-0.075219713,0.0521,-0.014107209,-0.023923,-0.033232,0.067771,-0.013077,0.0304,0.1684,0.018835166
200906,0.0043,0.0232,-0.0272,-0.0106,-0.0017,0.0529,-0.02297255,-0.003920009,0.030772847,0.091029428,0.01305388,0.047378602,0.0043,0.024716102,0.004468,0.009015,-0.003173,0.037689,-0.0131,-0.0171,0.026895048
200907,0.0772,0.0244,0.0528,-0.0066,0.032,-0.0536,0.014881285,0.004117003,-0.04402893,-0.03623796,0.01840728,-0.08417254,0.0772,0.01276602,0.020066,-0.048925,0.0816,0.016921,-0.0045,0.1352,0.034495607
200908,0.0333,-0.0005,0.0775,-0.0302,0.0318,-0.0883,-0.000660443,0.010421594,-0.065043504,-0.022767278,0.001631062,-0.097095586,0.0333,-0.005316569,0.022701,-0.026109,0.031343,0.008789,-0.0545,0.1013,0.000844154
200909,0.0408,0.0274,0.0093,0.0136,0.0038,-0.0493,0.008994021,-0.048239537,-0.025373639,-0.003857643,-0.014151563,-0.027339017,0.0408,0.01165481,-0.011393,-0.028244,0.045143,0.024782,0.0698,0.025,-0.006745087
200910,-0.0259,-0.0478,-0.0418,0.0418,-0.0166,0.0262,-0.018628525,0.062035491,0.055936139,0.008166211,0.016927551,0.063346486,-0.0259,-0.034369125,-0.002315,0.039597,-0.028033,-0.046234,0.0582,-0.0633,0.012735182
200911,0.0556,-0.028,-0.0017,0.0081,0.0013,0.0029,0.000267278,-0.020073725,-0.002866413,-0.012050154,0.000363263,0.000299181,0.0556,-0.038602294,-0.003414,0.010124,0.057094,-0.023653,0.0012,0.0278,0.006008556
200912,0.0275,0.0622,0,0.0048,-0.0007,0.0293,-0.008778529,-0.043392539,-0.003275136,0.009474921,-0.007740542,0.024253621,0.0275,0.059065637,-0.001348,-0.01849,0.028357,0.048247,0.026,-0.0175,0.023471169
201001,-0.0336,0.0029,0.003,-0.0139,0.0046,-0.054,-0.025083312,0.009267904,-0.004829685,0.010053114,0.00567079,-0.076663948,-0.0336,-0.004492266,0.006641,-0.010654,-0.037124,0.003699,-0.0101,-0.0699,0.022763778
201002,0.034,0.0146,0.0316,-0.0033,0.014,0.0364,-0.001244602,0.008049585,-0.007468047,0.007225101,0.010960918,0.010113192,0.034,0.012477989,0.00688,-0.010572,0.034765,0.015211,-0.0001,0.0586,-0.002213827
201003,0.0631,0.0179,0.0211,-0.0056,0.017,0.0365,-0.014582321,0.015631463,-0.029652046,0.015433266,-0.009944807,-0.007991924,0.0631,0.018103168,0.01618,-0.005185,0.063538,0.020414,-0.0639,0.0809,-0.024740796
201004,0.02,0.0504,0.0281,0.011,0.0169,0.032,-0.017375785,0.017647469,-0.035432664,0.014857042,0.009144115,-0.036411668,0.02,0.039775423,0.03072,-0.02485,0.019932,0.039087,-0.0024,-0.0145,0.023029871
201005,-0.0789,0.0006,-0.0238,0.0137,-0.0022,-0.0014,0.012434255,0.024740577,0.024470713,-0.005649637,0.007520862,0.031856699,-0.0789,0.009450543,-0.004826,0.027266,-0.079249,0.000431,-0.0297,-0.1097,0.000436173
201006,-0.0556,-0.0249,-0.045,-0.0021,-0.0151,-0.03,0.02682571,0.005681417,0.026204783,0.023126283,-0.010836559,0.031924342,-0.0556,-0.023583855,-0.0248,0.013441,-0.050844,-0.023816,0.0127,-0.0519,-0.004866371
201007,0.0693,0.0009,-0.0026,0.0024,0.0202,0.0189,-0.018053724,-0.001903837,-0.018890666,-0.023098033,0.016958859,-0.00639466,0.0693,-0.005626887,0.012224,-0.008548,0.070151,0.004824,0.0326,0.1305,0.02178176
201008,-0.0477,-0.031,-0.0195,0.0072,-0.0169,-0.0018,0.025174111,-0.002275874,0.01118558,0.016138114,-0.020008919,0.038479168,-0.0477,-0.032385384,-0.017792,-0.005636,-0.042939,-0.036372,0.0442,-0.0719,-0.003830984
201009,0.0954,0.0372,-0.0313,-0.0021,0.0047,0.0135,0.02574098,-0.025737171,-0.003149415,-0.011899087,-0.006255426,0.02674352,0.0954,0.044045575,0.011542,0.005207,0.091392,0.039478,0.0232,0.0484,-0.002231931
201010,0.0388,0.0078,-0.026,0.013,-0.0023,0.0163,0.016390388,0.002807616,0.002902754,0.020634601,6.10E-05,0.030906032,0.0388,-0.000069569,-0.000064,0.006457,0.038419,0.006882,0.0236,0.0022,-0.045988807
201011,0.006,0.036,-0.009,0.0024,0.0164,0.0253,0.003693604,0.002737618,-0.006560964,-0.005105184,0.007923431,0.019928404,0.006,0.024681309,0.018626,-0.000767,0.004993,0.036465,0.0223,-0.0491,0.005713587
201012,0.0682,0.0095,0.0382,-0.0365,0.0322,-0.0319,-0.021820209,-0.026883901,-0.046346805,-0.001319198,-0.005846706,-0.081114329,0.0682,0.010461561,0.030248,-0.036711,0.06701,0.004468,0.0106,0.0724,0.0020186
201101,0.0199,-0.0242,0.0082,-0.0089,0.0069,-0.0033,-0.000467729,0.017012887,-0.008279161,0.030221788,-0.000944539,-0.009755368,0.0199,-0.016579433,0.013129,0.005534,0.01909,-0.020093,0.0099,0.0512,-0.014459309
201102,0.0349,0.0164,0.011,-0.0193,0.0095,0.0201,0.02186702,-0.000186993,-0.013688724,0.007056615,0.002852363,0.013009162,0.0349,0.026650215,0.014308,-0.016592,0.038043,0.013925,0.0066,0.0658,-0.002632499
201103,0.0045,0.0267,-0.0158,0.0164,-0.0003,0.0355,0.007623803,-0.00426917,0.012738923,0.004283347,-0.005904374,0.030200156,0.0045,0.014992091,-0.001259,-0.009518,0.003299,0.018482,0.0137,-0.0447,-0.017778269
201104,0.029,-0.0051,-0.0252,0.0109,-0.0084,0.0006,-0.003580145,0.009244606,0.01444657,0.005479327,0.022595352,0.038810829,0.029,-0.008099881,-0.009712,0.015851,0.028635,-0.008825,-0.0314,0.0256,-0.033487288
201105,-0.0127,-0.0069,-0.0208,0.0202,-0.015,-0.006,-0.005429248,0.019635133,0.028935461,0.014181604,0.007838229,0.012946321,-0.0127,-0.009513398,-0.010192,0.001277,-0.014948,-0.008695,-0.0109,-0.0316,0.02396184
201106,-0.0175,0.0011,-0.0032,0.0238,-0.0145,0.0173,0.011328561,0.03058414,0.028888202,0.004070929,0.003878224,0.021089058,-0.0175,0.001482928,-0.01154,0.028088,-0.01843,0.004616,-0.0097,-0.036,0.032332303
201107,-0.0236,-0.0134,-0.0121,0.0243,-0.0176,0.0009,0.007174229,0.018553742,0.006600547,-0.004149947,-0.007614022,0.025898013,-0.0236,-0.006865029,-0.020362,0.007329,-0.022442,-0.017728,-0.0019,-0.0525,0.003401433
201108,-0.0599,-0.032,-0.0248,0.032,-0.0024,-0.0033,0.010582879,0.026126305,0.059648514,0.007546866,0.014635755,0.059588594,-0.0599,-0.030899782,-0.013157,0.025607,-0.057555,-0.037188,-0.0448,-0.1168,0.019595001
201109,-0.0759,-0.0378,-0.0141,0.0185,0.0028,-0.0257,0.077097514,0.049007665,0.065772271,0.02044601,0.036890292,0.048574838,-0.0759,-0.037540558,0.000794,-0.007669,-0.084871,-0.047786,-0.0521,-0.138,-0.017110045
201110,0.1135,0.0357,-0.0018,-0.0187,-0.0088,-0.0143,-0.053756094,-0.034588175,-0.041919544,-0.059922579,-0.011007334,-0.038147269,0.1135,0.044539568,-0.005878,0.021399,0.113968,0.051815,0.0861,0.1214,-0.023554558
201111,-0.0028,-0.0026,-0.0034,0.0179,0.0153,0.0399,0.027433791,0.033143209,0.030378254,0.006207031,0.018696253,0.035845647,-0.0028,-0.00301764,0.015251,0.005806,-0.006231,-0.011337,0.0497,-0.0977,0.018205864
201112,0.0074,-0.0044,0.0177,0.008,0.024,0.0193,-0.004564287,0.021238887,0.008834205,0.012626012,0.020085025,-0.011518511,0.0074,0.006812262,0.026715,0.011473,0.003703,0.001243,-0.0349,0.0086,-0.009362548
201201,0.0505,0.0216,-0.0113,-0.0181,-0.014,-0.0792,-0.013941595,-0.050251455,-0.035637349,0.00708022,-0.040850458,-0.0641423,0.0505,0.016321193,-0.005744,-0.00631,0.054079,0.027839,-0.0203,0.1149,0.008017401
201202,0.0442,-0.0163,0.0008,-0.0019,-0.001,-0.0031,0.002340745,-0.011208853,-0.009764551,0.025700736,-0.020453145,-0.019826725,0.0442,-0.003907284,0.000788,0.00292,0.041154,-0.006737,0.0184,0.0722,-0.007940097
201203,0.0311,-0.0045,0.0092,-0.0033,0.0082,0.0151,0.008398413,0.00567639,0.005635183,0.039443655,0.016750806,-0.020597464,0.0311,0.001751925,0.014305,0.016579,0.023948,0.007126,-0.0673,0.0502,0.016854035
201204,-0.0085,-0.0059,-0.0048,0.0112,0.0067,0.0383,-0.004548215,0.006345184,0.005132599,0.029031918,0.011369702,0.029177422,-0.0085,-0.014267255,0.009551,0.010004,-0.00683,-0.0115,-0.0089,-0.051,0.028812054
201205,-0.0619,-0.0009,-0.0059,0.0228,0.0239,0.0662,-0.012234651,0.031537283,0.031428212,0.0238279,0.016509294,0.049278555,-0.0619,-0.006438245,0.026818,0.016152,-0.065595,-0.008852,0.0027,-0.1401,0.009706513
201206,0.0389,0.0095,0.0044,-0.0124,0.0034,-0.0113,0.019161997,-0.002280369,-0.00572388,0.010693091,0.021698565,-0.023585578,0.0389,0.0158377,0.010219,-0.017622,0.038134,0.014915,-0.0055,0.0586,-0.012710442
201207,0.0079,-0.0268,-0.0027,0.0111,0.0013,0.0313,0.011229551,0.02879437,0.006144608,0.010526788,-0.015704907,0.02345253,0.0079,-0.024844395,0.005091,0.015431,0.010234,-0.030756,0.0035,-0.0205,0.034004556
201208,0.0255,0.0044,0.0131,-0.0126,-0.0073,-0.0248,-0.024685481,-0.02543854,-0.005393734,-0.008738487,-0.019874322,-0.02509883,0.0255,0.016592272,-0.014627,-0.005019,0.026215,0.014164,-0.0059,0.0591,0.007741919
201209,0.0273,0.0066,0.0153,-0.0138,0.0159,-0.0102,0.00088892,-0.008294399,-0.012579,0.007769254,0.01162957,-0.022208088,0.0273,0.010163486,0.011859,0.001826,0.026472,0.011798,-0.0175,0.0686,0.022554575
201210,-0.0176,-0.0081,0.0379,-0.0139,0.0228,0.001,0.007047835,0.01587056,-0.021091281,0.020096214,0.022640205,-0.030765386,-0.0176,-0.002163566,0.018531,0.004595,-0.014138,0.002223,-0.0115,0.054,-0.049027759
201211,0.0078,0.0036,-0.0097,0.0068,0.0091,0.0038,0.007201202,-0.006820591,0.01288765,-0.013491509,0.002060104,0.035003168,0.0078,0.017496114,0.008208,0.016631,0.006107,0.003617,-0.0161,0.0207,0.005593714
201212,0.0118,0.0187,0.0358,-0.0198,0.0086,-0.0294,-0.008026974,-0.020699463,-0.024515869,-0.010671924,0.003933813,-0.035002374,0.0118,0.013208518,-0.008289,-0.020046,0.012428,0.024237,0.0123,0.0565,-0.004833343
201301,0.0557,0.0056,0.0095,-0.0164,0.0147,-0.0186,0.003986772,-0.01090288,-0.020606568,0.043960508,0.034428066,-0.031431865,0.0557,0.005637372,0.015336,-0.021054,0.054072,0.001968,-0.0228,0.085395473,-0.002389263
201302,0.0129,-0.0038,0.0003,-0.0069,0.0048,0.013,0.016247775,0.030929307,0.00472802,0.018643151,0.016873907,-0.003627658,0.0129,0.000182177,0.007514,0.001013,0.008278,-0.006137,-0.0116,0.003333643,0.015064445
201303,0.0403,0.0083,-0.003,0.0017,0.0131,0.0195,0.008183062,0.00901116,-0.004507157,0.023401064,0.011922426,-0.021108394,0.0403,0.004837688,0.01293,0.004874,0.035233,0.010761,0.0089,-0.016422601,0.016421762
201304,0.0155,-0.023,0.0062,0.0007,0.0047,0.0024,-0.022527986,-0.000341677,-0.009485605,0.016740143,0.008247348,-0.002793097,0.0155,-0.01640406,0.00121,-0.010016,0.014909,-0.028593,-0.0328,0.044018306,0.014368961
201305,0.028,0.0206,0.026,-0.0166,-0.0078,-0.0181,-0.001210507,-0.021489141,0.002152419,-0.01506097,0.005525752,-0.025927051,0.028,0.013962092,-0.016699,-0.004079,0.019054,0.035281,0.0022,0.075375641,-0.004931457
201306,-0.012,0.0135,-0.0017,-0.0044,-0.0001,0.006,0.01644525,-0.000102301,0.013646902,0.020894677,0.017196644,-0.015936961,-0.012,0.007753259,0.006991,-0.001288,-0.015052,0.007641,-0.0155,-0.061057949,0.037563601
201307,0.0565,0.018,0.0056,-0.0146,0.0056,0.0172,0.013609808,-0.013462691,-0.010521765,0.018088616,0.003657025,-0.018764054,0.0565,0.025527945,0.006419,-0.00452,0.052672,0.02088,0.0063,0.069484959,0.014336806
201308,-0.0271,-0.0001,-0.0278,0.0062,-0.0216,0.0003,0.006803221,-0.029362439,0.008630304,-0.00369436,-0.031220064,0.010243683,-0.0271,-0.001581515,-0.017933,0.005595,-0.025723,-0.002151,0.0131,-0.040291791,0.008085215
201309,0.0377,0.0267,-0.0119,-0.0073,-0.0132,0.0301,0.012517544,-0.022653975,-0.008129163,0.007660805,-0.013322198,0.0138915,0.0377,0.027468919,-0.007274,-0.009938,0.037469,0.024375,-0.0167,0.016543468,0.018201262
201310,0.0418,-0.0153,0.0114,0.027,0.0087,0.0016,0.007644108,0.055322486,0.015472122,0.028824215,0.006442317,0.034657869,0.0418,-0.018557335,0.011663,0.013315,0.039835,-0.016141,-0.0167,0.025980323,0.004145771
201311,0.0312,0.0133,0.0024,0.0014,0.0005,0.0041,-0.006262683,0.007884376,0.01492105,0.019378978,0.009957161,-0.01314879,0.0312,0.017488433,0.000114,0.015473,0.024915,0.019291,-0.0243,0.040633144,0.001324348
201312,0.0281,-0.0053,-0.0031,-0.0052,0.0007,0.0007,-0.009074087,0.001565321,-0.014491629,0.002746079,-0.003993397,-0.007755482,0.0281,0.005739724,0.007358,-0.001711,0.026103,-0.004398,-0.0048,0.003585396,0.030193711
201401,-0.0332,0.0057,-0.0209,-0.0399,-0.014,0.017,0.001025277,-0.054412369,-0.036375348,0.02045863,-0.028505979,-0.015802679,-0.0332,-0.00056259,-0.003025,-0.023037,-0.029969,0.003269,0.0304,-0.019670457,-0.000304793
201402,0.0465,0.0015,-0.004,-0.0026,-0.0041,0.0207,0.015084352,-0.007352286,-0.007240476,-0.001790102,-0.002438791,0.006478154,0.0465,0.004113114,-0.006304,-0.014755,0.046127,-0.003083,-0.0084,0.012461101,0.013276013
201403,0.0043,-0.0117,0.0509,0.0216,0.019,-0.0331,-0.015243108,0.057375508,0.01508747,0.015762928,0.032246896,-0.001080618,0.0043,-0.004958916,0.027091,0.017678,0.004441,-0.0016,0.024,-0.00070899,0.045028809
201404,-0.0019,-0.0415,0.0114,0.0348,0.0107,-0.0387,-0.030485349,0.02402967,0.003723315,0.001879043,0.004252223,-0.00038278,-0.0019,-0.037372224,0.007938,0.010966,0.001645,-0.046814,-0.0486,-0.02249513,0.009901021
201405,0.0206,-0.0189,-0.0027,0.001,-0.0108,0.0114,0.006205368,-0.003918966,0.001811579,0.010568843,-0.018046375,0.001625169,0.0206,-0.014065286,-0.009334,-0.006521,0.02021,-0.020349,0.0013,0.009591862,0.00137244
201406,0.0261,0.031,-0.0074,-0.0197,-0.0191,0.007,0.000561511,-0.040581443,-0.018117718,-0.003747843,-0.023029315,-0.02233551,0.0261,0.018037551,-0.026593,-0.02585,0.027921,0.022465,0.0113,-0.009892085,-0.013767339
201407,-0.0204,-0.0425,0.0001,0.0094,0.0047,-0.0024,0.005902308,0.01339575,0.011086902,0.010160422,0.012638142,0.005864125,-0.0204,-0.033938857,0.007103,0.012045,-0.020537,-0.035662,-0.0062,0.026684373,-0.029669979
201408,0.0424,0.0029,-0.0059,-0.0063,-0.007,0.0081,-0.011044607,-0.013875057,-0.002908092,0.017128544,-0.009449883,-0.006436812,0.0424,0.015614087,-0.009269,0.001463,0.040183,0.004492,0.0037,0.029037487,0.023858985
201409,-0.0197,-0.0379,-0.0123,0.0113,-0.0051,0.0051,0.030194314,0.026904915,0.035623524,0.024752359,0.017398964,0.012712093,-0.0197,-0.023342385,-0.003141,0.030167,-0.025133,-0.031197,0.0164,0.008758317,0.003726141
201410,0.0252,0.0378,-0.017,-0.0047,-0.0016,0.0002,0.024820651,0.015135497,0.042436244,0.020076914,0.01000981,0.001388038,0.0252,0.054644645,0.005255,0.017152,0.021173,0.036152,0.0386,0.011723953,-0.013526613
201411,0.0255,-0.0231,-0.03,0.014,0.0018,0.0103,0.018249867,0.02955132,0.028097263,0.02297488,0.02293811,0.055287254,0.0255,-0.014832506,0.003526,0.024946,0.021151,-0.019908,-0.018,0.011359513,0.012477603
201412,-0.0006,0.0288,0.0207,-0.0116,0.0088,0.0108,0.021199863,-0.008366536,0.002432339,0.003823361,0.011437426,-0.000035138,-0.0006,0.019955949,0.004696,-0.006488,-0.003621,0.027704,0.0232,-0.003006293,0.0218994
201501,-0.0311,-0.0087,-0.0348,0.0167,-0.0167,0.0386,-0.00204786,0.014179219,-0.010868806,0.025777966,-0.02267783,0.050615617,-0.0311,-0.027071346,-0.010818,-0.003521,-0.027165,-0.01575,-0.0166,-0.095960681,-0.074524168
201502,0.0613,0.002,-0.0179,-0.0107,-0.0176,-0.0286,-0.022806795,-0.036688291,0.00464022,-0.020637476,-0.01238747,-0.030025672,0.0613,0.024454536,-0.013994,0.000937,0.055969,0.008098,-0.0146,0.07773264,-0.007780421
201503,-0.0112,0.0304,-0.0045,0.001,-0.0051,0.0297,0.022383721,-0.006393997,0.001222341,0.013933861,-0.019165685,0.005963659,-0.0112,0.021447211,-0.002594,0.008287,-0.010431,0.02821,0.0024,0.00172238,0.017146638
201504,0.0059,-0.0303,0.0185,-0.0015,-0.0049,-0.0737,-0.033814606,0.005592228,-0.010968364,-0.020539469,0.008177919,-0.041800189,0.0059,-0.025993228,-0.008027,-0.021977,0.008693,-0.037949,0.0032,0.043068329,-0.001636714
201505,0.0136,0.0076,-0.0137,-0.0172,-0.0075,0.0597,-0.003428449,-0.005118133,0.00258807,0.026841576,-0.004976481,0.010770348,0.0136,0.014128976,-0.006151,0.014444,0.010331,0.017455,0.0328,0.022211944,0.007636822
201506,-0.0153,0.0287,-0.0079,0.005,-0.0147,0.031,0.01972318,-0.003410102,0.023796049,0.019751308,-0.007182971,0.003874023,-0.0153,0.030146863,-0.024381,0.012379,-0.019263,0.02869,0.014,-0.00493346,0.002287686
201507,0.0154,-0.0455,-0.0412,0.0004,-0.0256,0.1029,0.057461153,0.009759974,0.018626141,0.04987395,0.004191722,0.070582256,0.0154,-0.033970086,-0.02736,0.0438,0.012133,-0.040736,0.0091,0.040904841,-0.018852243
201508,-0.0604,0.004,0.0266,0.0076,0.0125,-0.0208,-0.000987817,0.019305397,0.018100297,-0.015396454,0.007253447,0.01326857,-0.0604,-0.006840288,0.01173,0.007449,-0.060022,0.005041,0.0005,-0.074252482,-0.004771066
201509,-0.0308,-0.0278,0.0053,0.0181,-0.0051,0.0531,0.026840425,0.055910242,0.056102139,0.055824522,0.03728377,0.079026008,-0.0308,-0.02284609,0.002812,0.04268,-0.033732,-0.034034,0.0012,-0.054099934,0.015288397
201510,0.0775,-0.0216,-0.0007,0.0082,0.0043,-0.0394,-0.013961249,-0.01132018,0.002382,-0.010205918,0.02401984,-0.006116477,0.0775,-0.022708242,0.006382,-0.023885,0.073988,-0.027842,-0.0634,0.056185776,-0.021964086
201511,0.0056,0.0334,-0.005,-0.0257,-0.011,0.0227,0.011124802,-0.033161618,0.007618853,0.013167361,-0.002080294,-0.009790558,0.0056,0.028850995,-0.005114,-0.017534,0.002422,0.034749,0.036,0.011574167,0.015319549
201512,-0.0217,-0.0299,-0.026,0.0031,0.0013,0.0342,0.000122132,0.013916286,0.013088654,0.025923585,0.017458348,0.047068597,-0.0217,-0.031398387,0.003086,0.029243,-0.022361,-0.020904,-0.0061,-0.02623764,0.018967185
201601,-0.0577,-0.0342,0.0207,0.026,0.0301,0.0143,0.007601473,0.101062034,0.078888329,0.007265374,0.031513692,0.110203236,-0.0577,-0.031991936,0.027916,0.053196,-0.057073,-0.02819,-0.0419,-0.110117856,0.025709047
201602,-0.0007,0.0095,-0.0049,0.0328,0.0205,-0.0409,-0.0366913,0.030082711,0.025284648,-0.006178883,0.014588952,0.023668018,-0.0007,-0.000619121,0.01734,0.020466,0.000477,0.004759,-0.0238,-0.084099069,0.013474536
201603,0.0696,0.011,0.0116,0.0081,-0.0003,-0.0517,-0.012708215,-0.008098517,-0.021894193,-0.024960737,-0.009720493,-0.049963854,0.0696,0.000261446,-0.006858,-0.021586,0.070269,0.010325,-0.0175,0.042036593,-0.007109633
201604,0.0092,0.0116,0.0328,-0.0288,0.0198,-0.0622,-0.028587108,-0.034023655,-0.04892167,-0.026336274,-0.004983625,-0.108024702,0.0092,0.0009708,0.01306,-0.072513,0.011747,0.000979,0.0196,0.063952495,0.033325606
201605,0.0178,-0.0071,-0.0181,-0.0101,-0.0255,0.0191,-0.027105774,-0.020976455,0.005267092,0.02202299,-0.014277605,0.002108038,0.0178,-0.003705109,-0.022448,0.00992,0.014175,-0.004864,-0.0056,0.018777197,0.002042334
201606,-0.0005,0.0049,-0.0147,0.0119,0.0192,0.0421,0.032601684,0.021021914,0.007791443,0.028571907,-0.005873802,0.045603776,-0.0005,-0.013743256,0.006103,0.002367,0.002942,-0.002582,0.0203,-0.080577953,0.027371204
201607,0.0395,0.0264,-0.0111,0.0133,-0.0124,-0.0306,-0.010545492,-0.020481397,-0.000884027,0.023511387,-0.002730178,-0.018868393,0.0395,0.039388579,-0.020219,-0.004487,0.038569,0.024121,-0.0132,0.061349273,0.024116509
201608,0.005,0.0172,0.0334,-0.0133,-0.0039,-0.0313,-0.010772815,-0.007482036,0.00162624,-0.018531163,0.018547385,-0.049411208,0.005,0.025444126,-0.00245,-0.023531,0.002623,0.009469,0.0076,0.077112222,-0.001189915
201609,0.0025,0.0174,-0.0149,-0.0229,-0.0009,-0.0055,0.03922935,-0.030923635,-0.031289832,-0.001610793,-0.009429824,-0.021727865,0.0025,0.013134363,0.002156,-0.030812,0.002797,0.010109,0.0235,-0.032019348,0.02133546
201610,-0.0202,-0.0401,0.0416,0.0119,0.0024,0.0064,-0.013634209,0.042512752,0.027659536,0.011111536,0.032443353,0.020008841,-0.0202,-0.018152942,0.008028,0.029079,-0.021757,-0.034061,-0.0101,0.062623898,0.016656969
201611,0.0486,0.0681,0.0829,-0.001,0.037,-0.0421,0.023165162,0.016925629,0.006325266,-0.015985565,0.048980623,-0.076984654,0.0486,0.060455412,0.029586,-0.007374,0.04028,0.066267,0.0227,0.134509436,0.009870021
201612,0.0182,0.0041,0.0358,0.0099,-0.003,-0.0038,-0.016834861,0.045126797,0.014762209,0.037866614,0.004533827,0.004858598,0.0182,0.01692721,-0.001252,0.016253,0.01854,0.007183,-0.0271,0.058116088,0.118000032
