Date,Agriculture,Construction,Finance,Manufacturing,Mining,Retail,Services,Transportation,Utilities,Wholesale
1977-12-01,0.057788298,0.026083775,-0.005252484,0.003018591,0.009398518,0.010533771,0.029400865,0.023169042,-0.001782435,0.012722458
1978-01-01,-0.057841615,-0.079316243,-0.026689872,-0.039546368,-0.042440556,-0.04602599,-0.041265272,-0.014669971,-0.036624197,-0.048805013
1978-02-01,-0.005859803,0.024879582,0.013198693,0.004419508,-0.012095037,0.015887244,0.019635333,0.012284809,0.000910918,0.022423205
1978-03-01,0.074652933,0.050209469,0.078998282,0.067756618,0.021494009,0.080547568,0.105231285,0.072611545,0.021078197,0.085771117
1978-04-01,-0.025,0.110476111,0.094256045,0.089969873,0.053906705,0.086127193,0.076629727,0.088947301,0.003256092,0.099351785
1978-05-01,0.1154321,0.019567194,0.022374557,0.057543499,0.056236857,0.057535015,0.081663469,0.037672196,0.003760647,0.048560523
1978-06-01,0.021644659,-0.03356254,0.011037098,-0.013439819,-0.018489847,-0.010720924,0.026162063,-0.001864214,0.013086613,-0.017563566
1978-07-01,0.054284774,0.042880795,0.069213302,0.061585161,0.044713124,0.04617158,0.09739048,0.11030955,0.028717061,0.046140038
1978-08-01,0.072871374,0.119559256,0.057004089,0.073519228,0.042924986,0.100242479,0.088792273,0.070364188,0.009312742,0.051936283
1978-09-01,-0.022420634,0.068667103,0.004189973,-0.010837895,0.017182411,-0.02426564,0.003283657,-0.031819269,913343352.7,-0.013671122
1978-10-01,-0.321589157,-0.18664553,-0.155680313,-0.180586484,-0.175908338,-0.197410896,-0.23960596,-0.178552054,-0.074425604,-0.193739223
1978-11-01,0.172972973,0.026838128,0.030149564,0.053326961,0.055623887,0.052363399,0.079947023,0.059711418,0.025957723,0.056008404
1978-12-01,-0.014624504,0.017715024,0.011468206,0.01583986,0.030490597,-0.001689965,0.009174471,0.003600456,-0.010076981,0.014683192
1979-01-01,0.057142859,0.055386521,0.080135237,0.096737909,0.078177497,0.082924462,0.085565686,0.066035831,0.067453791,0.075509649
1979-02-01,-0.054145621,-0.025245992,-0.027795604,-0.035002366,0.030018711,-0.043604389,-0.044468067,-0.043926706,-0.011449522,-0.030183888
1979-03-01,0.018867925,0.132999145,0.098830797,0.08911717,0.143126659,0.076518843,0.103135709,0.096073669,0.02481806,0.080835242
1979-04-01,0.057095483,0.044244326,0.029006863,0.017917227,0.017871128,0.015518434,0.052865879,0.017502736,-0.013105202,0.008003251
1979-05-01,0.056818179,-0.01396782,0.004313739,-0.013421362,0.002853088,-0.025324142,-0.022386094,-0.001544271,0.007507469,-0.01743015
1979-06-01,-0.004208754,0.110860259,0.097614795,0.048201194,0.141399405,0.035426973,0.033694119,0.020563652,0.055849821,0.064680953
1979-07-01,0.022075472,0.041047222,0.035183257,0.026718106,0.011328166,0.031111447,0.046291484,0.057774647,0.02669585,0.018230018
1979-08-01,0.108673472,0.066532158,0.073884097,0.083800723,0.105474601,0.100982178,0.09745702,0.076153157,0.022844806,0.075771385
1979-09-01,0.004820628,3347338106,-0.021690337,-0.008772333,0.077942713,-0.008978472,-0.015990979,-0.024493088,-0.017555768,-0.012983954
1979-10-01,-0.196721554,-0.112874655,-0.117447184,-0.097895969,-0.081084591,-0.106538921,-0.100233733,-0.124714304,-0.066268598,-0.120891219
1979-11-01,0.068205009,0.092289915,0.074140225,0.073996335,0.150933335,0.029792581,0.10425984,0.0730334,0.076421243,0.113292154
1979-12-01,0.140882833,0.072908227,0.028051033,0.048916347,0.155884076,0.033188642,0.057440307,0.045345967,-0.009448507,0.06702259
1980-01-01,0.046935484,0.129565877,0.044418751,0.077080024,0.137543596,0.023068848,0.062955319,0.062821869,0.009241947,0.031644981
1980-02-01,-0.086117264,-0.057804898,-0.048078273,-0.026638718,0.055314755,-0.044846609,-0.037243631,-0.042000172,-0.043876561,-0.036046259
1980-03-01,-0.2631016,-0.146492861,-0.141834012,-0.145439628,-0.233912579,-0.135194564,-0.147976392,-0.117593954,-0.060709162,-0.156039052
1980-04-01,0.105769231,0.063618006,0.094890492,0.039913907,0.075404498,0.057048005,0.094864342,0.020587924,0.13851544,0.029796324
1980-05-01,0.019607844,0.085016685,0.104887827,0.075129755,0.078154205,0.105494221,0.062333048,0.088023464,0.047767189,0.080008184
1980-06-01,0.133426219,0.101253226,0.076942626,0.024720701,0.113888363,0.027634222,0.043992479,0.017709987,0.053820602,0.033651131
1980-07-01,0.040909091,0.186489807,0.050084092,0.12171072,0.066486326,0.108271049,0.138893474,0.129865201,0.002876643,0.135308259
1980-08-01,-0.000381388,0.025441413,0.027445735,0.050758618,0.089351774,0.055719917,0.056822182,0.034394039,-0.019713377,0.059374877
1980-09-01,0.036907537,0.093488905,0.015634846,0.029385813,0.114857877,0.010558316,0.053466921,-0.003721155,0.005047365,0.004956532
1980-10-01,-0.005826559,0.065181117,0.001248535,0.018506761,0.032897744,0.018631223,0.008715888,0.052787794,0.009622235,0.003127213
1980-11-01,0.117692877,0.097174887,0.040277972,0.063887583,0.177613217,0.014812566,0.096187057,0.065531259,0.03157206,0.056830746
1980-12-01,-0.02186621,-0.019556854,0.017512404,-0.024691856,-0.101645311,-0.009747358,-0.027395365,-0.035196742,0.001831532,-0.064640805
1981-01-01,-0.002470316,-0.096267002,-0.008246834,-0.001856389,-0.071189764,0.026881109,-0.011199291,0.010414988,0.000840769,0.028661342
1981-02-01,0.045480768,0.019287783,0.018735654,0.022360401,0.000979044,0.037713178,0.041582659,0.032401119,-0.002596269,0.003019229
1981-03-01,0.077757267,0.117237202,0.091056076,0.085963878,0.056578632,0.101039046,0.110948453,0.094907642,0.028630755,0.088123243
1981-04-01,0.080403487,-0.033305739,0.003233278,0.017933162,-0.056947586,0.057238664,0.045625909,0.025789162,-0.013458542,0.026273115
1981-05-01,0.120710266,-0.001780069,0.012163347,0.021493159,-0.013214968,0.017085787,0.0296858,0.066347242,0.021820509,0.027504561
1981-06-01,-0.038049499,-0.031021715,0.020767647,-0.011544421,-0.036657285,0.004165803,-0.036707458,-0.026523868,0.036400071,0.002731844
1981-07-01,0.004057263,-0.048927826,-0.030816894,-0.02378843,0.106720141,-0.04228885,-0.043996457,-0.044733999,0.016465411,-0.033373967
1981-08-01,-0.172672763,-0.066640615,-0.066296734,-0.076243065,-0.071080688,-0.060477957,-0.078824526,-0.077492321,-0.003501118,-0.083593226
1981-09-01,0.021406509,-0.106549609,-0.04101131,-0.069930111,-0.153513914,-0.042096142,-0.051668557,-0.05985122,-0.043127669,-0.072840216
1981-10-01,0.008490143,-0.043494243,0.087931557,0.064361507,0.125881486,0.084468232,0.126088877,0.071256265,0.05296439,0.071381261
1981-11-01,0.035982118,0.095276715,0.045068694,0.034501114,0.023785164,0.013339135,0.041341918,0.040837799,0.071468964,0.019744209
1981-12-01,-0.047974535,-0.006139009,-0.036590975,-0.0095194,-0.050241242,-0.014972986,-0.010533985,-0.047747561,-0.026406961,-0.015124665
1982-01-01,-0.020179136,-0.066640317,-0.031325321,-0.020956598,-0.089157873,-0.010234191,-0.027896181,-0.03461137,0.003156197,-0.02366447
1982-02-01,-0.04907765,-0.064113748,-0.039657984,-0.041003105,-0.126116332,-0.014300789,-0.05467949,-0.026152969,0.003249116,-0.03384413
1982-03-01,-0.170301414,-0.079224633,-0.007043878,-0.008128626,-0.080174739,0.049852403,0.013374057,0.014489373,0.021106861,0.041776364
1982-04-01,0.016112773,0.021853498,0.044276222,0.048993926,0.047796271,0.092997155,0.071459742,0.019754011,0.041883402,0.032823545
1982-05-01,-0.069692016,-0.061231101,-0.034163117,-0.040355176,-0.048614264,-0.023461819,-0.041196371,-0.044339224,-0.003390154,-0.022321599
1982-06-01,-0.105444238,-0.057569697,-0.027812011,-0.018364841,-0.106965996,0.027125627,-0.008939566,0.000349104,-0.017137697,-0.030612264
1982-07-01,-0.218422557,-0.008638936,-0.015306189,-0.017273818,-0.068466149,0.015476811,0.001573704,-0.009924968,-0.02279822,0.011687314
1982-08-01,0.113390615,0.198158016,0.134800321,0.10933404,0.104283945,0.106290001,0.116698134,0.108251369,0.109701406,0.132565812
1982-09-01,0.092943778,0.003744943,0.051806567,0.021320751,-0.030072294,0.069225194,0.046585293,-0.004011519,0.020514875,0.036651733
1982-10-01,0.105672111,0.222519453,0.177930707,0.133786189,0.131575579,0.158971372,0.177498514,0.148037107,0.060861398,0.144370179
1982-11-01,0.037207423,0.176125184,0.082456896,0.077824341,-0.015617583,0.097733449,0.107452363,0.126494436,0.012693527,0.107673233
1982-12-01,0.081471663,0.020751467,-0.018009168,0.017712615,0.058639863,-0.006299935,-0.003347883,-0.007307577,0.032842135,0.029299788
1983-01-01,-0.0523194,0.031914887,0.031997648,0.065046126,0.068533179,0.021114234,0.07935813,0.05728553,0.038717382,0.030029346
1983-02-01,0.071293789,0.053248484,0.052989207,0.055943897,-0.060025732,0.089409539,0.081270103,0.073570417,0.017282572,0.077181689
1983-03-01,-0.026513474,0.059179365,0.065849874,0.042048242,0.032844294,0.102695871,0.040887541,0.01822648,0.001010076,0.062367267
1983-04-01,-0.082876579,0.165058522,0.106157806,0.068025028,0.072901019,0.084241871,0.058892905,0.03014301,0.042372192,0.047058979
1983-05-01,0.414138695,0.061222446,0.026030962,0.054203099,0.12355551,0.05126785,0.053216753,0.064894222,0.03503634,0.057725205
1983-06-01,-0.089689132,0.001961793,0.00984007,0.046108307,0.046021674,0.06960054,0.053380453,0.079103788,-0.001565498,0.061677705
1983-07-01,0.019340449,-0.036538537,-0.023120441,-0.021804076,0.01044517,-0.024569032,-0.068609321,-0.046707037,0.021711047,-0.0433083
1983-08-01,-0.082244012,-0.045984548,-0.006434807,-0.009387152,0.040880855,-0.049728536,-0.020555734,-0.029741781,0.015645026,-0.026162312
1983-09-01,-0.025633696,0.05534536,0.025850703,0.025890566,-0.059523494,0.033387765,0.020823899,0.015352846,0.045803588,0.047774106
1983-10-01,0.013347762,-0.096371638,-0.031936775,-0.042704065,-0.091762372,-0.040964731,-0.075492466,-0.013707975,0.021304798,-0.012446114
1983-11-01,0.088805688,0.079584663,0.055426971,0.061040992,0.013318679,0.044163207,0.049033179,0.056920606,0.001561596,0.036627898
1983-12-01,-0.003032138,-0.015993532,-0.015291084,-0.005607223,0.012486304,-0.047915359,-0.016910073,0.010592291,-0.029664805,-0.026375361
1984-01-01,0.126529052,-0.016376013,0.011147463,-0.012784429,0.050625814,-0.057861969,-0.042385142,-0.011253663,0.017042345,-0.052819629
1984-02-01,-0.096638657,-0.063865955,-0.059101523,-0.062416207,0.017863189,-0.045669287,-0.058687492,-0.069140293,-0.02185537,-0.05717481
1984-03-01,0.082379859,0.002878986,0.016025727,0.023757596,0.030164756,0.043396072,0.017713095,0.004038911,0.001783707,0.031182621
1984-04-01,-0.008928572,-0.042809159,-0.021009848,0.004197236,-0.017607169,-0.003341243,-0.006216696,-0.018435551,-0.017572354,-0.000925953
1984-05-01,0.072895616,-0.093861429,-0.074959572,-0.058079626,-0.064721415,-0.029080795,-0.029912428,-0.049106162,0.004327234,-0.069155225
1984-06-01,0.171232879,-0.014283055,0.019207721,0.03199792,-0.06452519,0.063180797,0.056775342,0.039331606,0.004493631,0.057485825
1984-07-01,-0.102433285,-0.007078208,-0.019924278,-0.043842233,-0.152251754,-0.003264554,-0.051422116,-0.02096671,-0.007181997,-0.046860172
1984-08-01,0.111925714,0.119205102,0.113440928,0.130435796,0.192589079,0.098533462,0.127593875,0.090487171,0.079938856,0.135090965
1984-09-01,-0.114583332,0.017480898,0.037241762,-0.010871932,0.005931013,0.007550302,-0.009915898,0.007550156,0.04772836,0.00010249
1984-10-01,0.134328365,0.032845852,0.004913586,-0.01047727,-0.09860116,-0.00094479,-0.012887579,0.020904988,0.035057586,-0.017778941
1984-11-01,-0.012058823,-0.017394462,-0.014155286,-0.024150964,0.008443087,-0.043775714,-0.040830374,-0.0235962,0.028738988,-0.000674853
1984-12-01,0.304701639,-0.001119322,0.030695058,0.019989397,-0.041181031,-0.002274009,0.044892613,0.036371876,0.023449278,0.024488964
1985-01-01,-0.150221732,0.157977244,0.141851576,0.110354262,0.099518063,0.118953549,0.149334218,0.107347384,0.03790837,0.096597358
1985-02-01,0.059468525,-0.028455502,0.020772559,0.01767371,0.052837971,0.0486298,0.031208526,0.035612392,0.013853918,0.022665802
1985-03-01,0.023735483,-0.018385208,-0.008444217,-0.025906524,0.010249961,-0.019048885,-0.025843274,0.010997398,0.055800014,0.009082685
1985-04-01,-0.087719301,-0.016410462,0.005525706,-0.025248558,-0.01385972,-0.011217841,0.00296236,-0.004658482,0.017985774,-0.01245517
1985-05-01,-0.109005377,0.052362524,0.045860798,0.047206326,-0.039690899,0.077591253,0.048924136,0.079126977,0.059259993,0.03787404
1985-06-01,-0.012027916,0.022118898,0.026471059,0.01043197,-0.054751265,0.011562659,0.034275422,0.010995525,0.041747972,0.018900523
1985-07-01,0.029046195,0.013500751,-0.005060122,0.032786593,0.058938974,-0.022002426,0.020795235,0.019727274,-0.037263408,0.007558095
1985-08-01,-0.075065033,-0.016487399,0.001244367,-0.009690685,-0.006827931,-0.006468391,-0.001202067,0.009740187,0.023261032,-0.005080613
1985-09-01,-0.038666487,-0.07948134,-0.060474897,-0.043811142,-0.087639961,-0.043681733,-0.050344887,-0.06528564,-0.045167076,-0.045870344
1985-10-01,-0.015059014,-0.013313832,0.068825292,0.029137667,0.015388145,0.061891778,0.014980976,0.014691819,0.054844705,0.008069967
1985-11-01,0.072916667,0.129218234,0.070298672,0.073349094,0.04451382,0.071792547,0.072087853,0.063706479,0.043246918,0.095330577
1985-12-01,0.045089208,0.044787009,0.070070969,0.050651229,-0.053336497,0.035691309,0.05137667,0.020683304,0.050995319,0.046365304
1986-01-01,-0.054166667,0.031962406,0.02608362,0.01034355,-0.050236216,0.015505588,-0.007563975,0.036657759,0.03554901,0.032713432
1986-02-01,0.07030303,0.195234084,0.086363724,0.080991273,-0.073945892,0.058694242,0.085628517,0.074656912,0.067603974,0.111072192
1986-03-01,-0.030423281,0.172496723,0.05549527,0.06531464,0.014664718,0.101552405,0.056693242,0.047499407,0.041804282,0.064470115
1986-04-01,0.019851974,-0.022700042,-0.019682303,-0.007440871,-0.027441755,0.013941845,0.027618733,-0.030008786,-0.014166198,-0.021282462
1986-05-01,-0.084640523,0.05072419,0.039337002,0.042456208,0.058800072,0.094234761,0.038087651,0.018707685,0.032254041,0.020888554
1986-06-01,-0.056881447,-0.056766974,0.012828979,-0.007168234,-0.054299977,0.034223226,-0.007831752,-0.013785153,0.048142456,-0.027812023
1986-07-01,-0.124500842,-0.102330472,-0.080663385,-0.084955694,-0.110106362,-0.088742561,-0.119892286,-0.072104042,0.033087862,-0.086832149
1986-08-01,0.034529916,0.057281623,0.067588083,0.052455789,0.141876413,0.015220314,0.034388983,0.082574429,0.076655514,0.04311419
1986-09-01,-0.050649351,-0.02502367,-0.084107554,-0.054835934,-0.001158978,-0.058548471,-0.054959943,-0.002969398,-0.081517188,-0.085715423
1986-10-01,0.079651828,0.044451349,0.04386739,0.050852672,0.002610083,0.04525536,0.097233863,0.027924132,0.05570563,0.047960821
1986-11-01,-0.084472051,-0.029607168,-0.017627358,0.01898526,0.014517827,0.001914823,0.002157379,-0.016619381,0.003207848,0.022231279
1986-12-01,0.077083334,0.037692227,-0.027699853,-0.017320384,-0.011930782,-0.042535458,-0.029647429,-0.010843869,-0.033568824,-0.019397128
1987-01-01,-0.064997806,0.126065751,0.101252755,0.136866637,0.154268954,0.064943449,0.133371651,0.096347741,0.088841524,0.099810587
1987-02-01,0.222222224,0.080984662,0.060186781,0.073022878,0.064021423,0.09899595,0.083262403,0.051846111,-0.00695405,0.04241846
1987-03-01,0.075079153,0.090930514,0.002202803,0.028542318,0.14425822,0.044901757,0.013921674,-0.011964451,-0.005876505,0.014318096
1987-04-01,0.020351008,-0.094880909,-0.05960571,-0.010289672,0.005995684,-0.02759224,-0.021030442,-0.029719903,-0.051793231,-0.024147888
1987-05-01,-0.043529809,-0.019794698,-0.015709795,0.010292695,0.038484602,0.00804856,0.016075105,0.049590669,-0.007631964,-0.012119484
1987-06-01,0.061063752,0.007907505,0.034245989,0.037473218,0.049709992,0.061786285,0.053635078,0.058532516,0.029423739,0.058580052
1987-07-01,-0.012345679,0.026243095,0.01770191,0.066205867,0.151907848,0.053827781,0.028855498,0.06610174,-0.006919547,0.062613106
1987-08-01,0.064978905,0.005358804,0.039356724,0.03104543,-0.031330419,0.023228526,0.04729492,0.01531972,0.031129056,0.028927261
1987-09-01,-0.059821429,0.001529523,-0.045372756,-0.005444183,-0.010034592,-0.064867555,0.0065781,-0.006827803,-0.029708606,-0.027106699
1987-10-01,-0.20227848,-0.352101824,-0.263181559,-0.297121537,-0.311006647,-0.304169021,-0.295073763,-0.261019671,-0.096673961,-0.297347067
1987-11-01,-0.161955215,-0.125304993,-0.077653558,-0.060959229,-0.012224605,-0.070299611,-0.060203374,-0.051610732,-0.018654506,-0.061856551
1987-12-01,0.140527952,0.087536101,0.015198998,0.094782821,0.000864676,0.093736432,0.11479183,0.030144126,0.010861092,0.098905858
1988-01-01,0.050776582,0.10119771,0.11400843,0.044716755,0.036737403,0.066873596,0.043731255,0.085927018,0.082308561,0.028345196
1988-02-01,0.036925377,0.164112769,0.0495292,0.096135546,0.066464604,0.126922995,0.087826118,0.089613245,0.013589859,0.070795676
1988-03-01,0.089841714,-0.045474617,-0.013438121,0.027476416,0.060893622,0.0123252,0.013296643,0.01116235,-0.021425893,0.042501496
1988-04-01,-0.030025884,-0.007132825,-0.008911295,0.017198955,0.006384879,0.024722411,0.008620262,-0.000988662,0.003444308,0.016140595
1988-05-01,-0.042621179,0.005217949,-0.002013549,-0.012878317,-0.013372721,-0.028733213,-0.024644636,0.022507673,0.014951313,-0.023176088
1988-06-01,0.150397856,0.103823126,0.071666712,0.071939778,0.019621534,0.071196812,0.075843817,0.051152393,0.038895444,0.088147509
1988-07-01,-0.065452141,0.012096183,-0.013149731,-0.010890532,0.022098535,-0.012703824,-0.036365775,-0.002989448,-0.001231273,-0.026833908
1988-08-01,0.036046079,-0.041097274,-0.021151691,-0.032888082,-0.033505827,0.005276293,-0.042897255,-0.031800534,-0.000379132,-0.021968433
1988-09-01,-0.009904606,0.059760451,0.019505405,0.028854794,-0.022290929,0.061472774,0.051803393,0.072139364,0.0316381,0.032130042
1988-10-01,0.098210938,-0.048342013,-0.008912213,-0.000304516,-0.006313335,0.030366748,-0.019316109,0.013300507,0.018788192,-0.007131501
1988-11-01,-0.022947996,-0.030303463,-0.037064585,-0.036815974,-0.022286128,-0.026212204,-0.036810914,-0.019766948,-0.006454187,-0.033962538
1988-12-01,0.106153846,0.032622156,0.007174135,0.042777029,0.00825512,0.038493067,0.047353226,0.027018865,0.014974908,0.047752175
1989-01-01,0.021229597,0.025917559,0.091170588,0.06101357,0.081932151,0.074302781,0.033003451,0.092587659,0.025836606,0.028074926
1989-02-01,0.003563176,0.00837573,-0.000497824,-0.000949628,0.009105266,0.013395715,-0.013728307,0.011108435,-0.006779648,0.013029114
1989-03-01,0.012453903,0.010629739,0.015403851,0.018888311,0.026056849,0.026592386,0.049221392,0.045882133,0.001628209,0.026172465
1989-04-01,-0.055343753,0.136200902,0.034228317,0.03755859,0.018990029,0.067556288,0.033146338,0.069677239,0.038249916,0.063326161
1989-05-01,-0.062838607,0.152722431,0.032379391,0.037095669,0.019336805,0.044980549,0.046561765,0.040477077,0.054052976,0.021166885
1989-06-01,-0.049672745,-0.014725177,0.006694573,-0.020098935,0.015260299,-0.010216269,-0.025242497,-0.000983976,0.02902782,-0.021657831
1989-07-01,0.010693485,0.003263669,0.057166727,0.05140908,0.042901831,0.066423316,0.054141243,0.06981931,0.051107493,0.043634332
1989-08-01,0.028702591,-0.038014577,0.025967327,0.027309768,0.063599314,0.021152148,0.013830183,0.06658666,-0.003782239,0.021556722
1989-09-01,-0.000718165,-0.011670383,-0.00741514,-0.016517913,0.000372377,-0.033514689,-0.012121297,-0.003287813,0.007950774,0.007325707
1989-10-01,-0.099905364,-0.147065198,-0.087888248,-0.066829787,-0.044062375,-0.053819829,-0.080234578,-0.069853058,0.001983775,-0.070810022
1989-11-01,-0.052723797,0.017007196,-0.026469911,0.006409572,0.095080244,-0.008047383,0.00245999,-0.005823535,0.029200305,-0.006279613
1989-12-01,-0.012238808,-0.004685578,-0.044211308,-0.003561035,0.051053511,-0.014703798,0.003376111,0.016704524,0.052253959,-0.006309817
1990-01-01,-0.046296297,-0.070345368,-0.102651957,-0.062176394,-0.046982358,-0.090422476,0.030409476,-0.102744342,-0.059659412,-0.080888504
1990-02-01,0.064542485,0.009208366,0.01247171,0.016525682,0.045457267,0.021025362,0.01945737,0.064584886,0.011807871,0.024447579
1990-03-01,0.014813747,0.099400784,-0.004403158,0.043985134,-0.003381129,0.074116038,0.039866537,0.026388787,0.00313366,0.036562599
1990-04-01,-0.052158274,-0.079682446,-0.065262856,-0.035623908,-0.083147313,-0.024955323,-0.060384746,-0.033388833,-0.049474854,-0.034208405
1990-05-01,0.038317204,0.089190038,0.05903218,0.066697122,0.06210403,0.106614763,0.079696684,0.051862365,0.054454784,0.065027243
1990-06-01,0.004029814,-0.029854945,-0.007456651,-0.001688115,-0.043826438,0.007779615,0.001416904,-0.033069478,0.007480357,0.007830038
1990-07-01,-0.055006748,0.009060808,-0.052405727,-0.029999128,0.050206991,-0.042413958,-0.048645428,-0.033314662,0.006291397,-0.048872755
1990-08-01,-0.075186411,-0.195274471,-0.127683015,-0.125693661,-0.036566827,-0.140013233,-0.13510311,-0.124587304,-0.059722892,-0.144117109
1990-09-01,-0.018100776,-0.156043941,-0.115634404,-0.086957679,-0.029692845,-0.122643554,-0.091444124,-0.049601602,-0.002243117,-0.065844826
1990-10-01,0.06037992,-0.083261371,-0.099279281,-0.055784626,-0.132326347,-0.054829247,-0.050717068,-0.010485397,0.041534224,-0.082190414
1990-11-01,-0.017210145,0.081762292,0.111601923,0.078885251,0.006085717,0.088746159,0.081349594,0.026054649,0.031084957,0.068125942
1990-12-01,-0.048664371,0.099822115,0.007721463,0.027156493,-0.027451832,0.028122578,0.040804249,0.009607059,0.01363519,0.038393523
1991-01-01,-0.012588516,0.286912756,0.089830206,0.126702394,0.01007309,0.118998855,0.142913657,0.105474755,-0.000824205,0.075296833
1991-02-01,0.126633987,0.216258797,0.222279098,0.106617586,0.135929451,0.199593226,0.142509605,0.09804272,0.056224237,0.110800049
1991-03-01,0.068664499,0.071538757,0.084867761,0.059791487,-0.019530043,0.103258904,0.070602948,0.018335295,0.01776905,0.070396496
1991-04-01,-0.045276977,-0.021150139,0.022563083,-0.000137708,0.003897463,-0.001115217,-0.014438586,-0.005587206,0.004061969,0.008005743
1991-05-01,-0.02174524,0.054224327,0.035310496,0.055777445,0.021546235,0.060906767,0.024922083,0.018565377,0.007413902,0.025952529
1991-06-01,0.071171027,-0.038783875,-0.074621408,-0.049900852,-0.017376198,-0.027458126,-0.052223832,-0.040623196,-0.026914401,-0.055035353
1991-07-01,0.07936508,-0.02029479,0.042479011,0.028836129,0.038124586,0.032090294,0.026646262,0.028196047,0.03640415,0.028293853
1991-08-01,0.01263858,-0.007542183,0.037326012,0.025751343,0.013648749,0.03277819,0.021651449,0.046867526,0.035201521,0.017142089
1991-09-01,-0.035532055,0.015537217,-0.009484854,-0.014588624,-0.014064504,-0.039011955,-0.012444241,-0.033589014,0.024479808,-0.009437464
1991-10-01,-0.065217391,-0.047816881,0.001640239,0.017287065,0.017910139,-0.028518474,0.026309017,0.030057429,0.009987368,0.023442421
1991-11-01,0.095344132,0.002289922,-0.062224628,-0.043800291,-0.073032696,-0.043949383,-0.048765887,-0.058551343,0.012058995,-0.032319989
1991-12-01,0.056661023,0.206956938,0.08645832,0.084844329,-0.027845767,0.060566505,0.105444802,0.094430004,0.047050032,0.058822501
1992-01-01,0.053964756,0.39408005,0.2027612,0.086330849,0.036443347,0.078591697,0.088753644,0.05827132,-0.025322038,0.071556748
1992-02-01,0.094017291,-0.01887239,0.054948595,0.037079041,0.00664356,0.091236361,0.02870473,0.042154599,0.001677373,0.067977146
1992-03-01,-0.108501401,-0.061586796,-0.0389143,-0.013451427,-0.034347529,-0.006605168,-0.029289861,-0.036181228,-0.014419413,-0.010060847
1992-04-01,-0.027556146,-0.079611617,-0.015007689,-0.007617229,0.032879867,-0.050770545,-0.049081873,-0.007776681,0.015395696,-0.030180185
1992-05-01,0.065319546,-0.090322911,0.027496384,-0.007976321,0.05748343,-0.010757575,-0.014418222,-0.025287443,0.024237018,-0.012946912
1992-06-01,-0.048273988,-0.050643655,-0.01024031,-0.045023615,-0.051425255,-0.029905312,-0.04692482,-0.0374117,-0.002505622,-0.03013299
1992-07-01,0.044096211,0.046238919,0.041662288,0.025428409,0.095146312,0.017321299,0.038893148,0.03954154,0.066876096,0.05745537
1992-08-01,-0.045252651,-0.105956488,-0.039911694,-0.034854439,0.008014347,-0.026662471,-0.011597683,-0.006729374,0.004868515,-0.005548691
1992-09-01,-0.033801414,0.003550584,0.005985165,0.014281374,0.014502538,0.036216708,-0.007863712,0.017925241,0.00780051,0.004612362
1992-10-01,-0.010337815,0.043398107,0.035537973,0.020188213,-0.02098027,0.061258927,0.03649383,0.035572912,-0.001327361,0.026755224
1992-11-01,-0.05069364,0.070008692,0.070303338,0.065023447,-0.029620668,0.104023861,0.075964243,0.045768461,0.006381714,0.0923971
1992-12-01,0.015388284,0.030539209,0.053078265,0.033593506,-0.003735146,0.019200153,0.035321009,0.053833733,0.016723454,0.018016505
1993-01-01,-0.012941477,0.077005,0.06120948,0.035374621,0.01746727,0.025727112,0.034273691,0.066439831,0.024051998,0.038303929
1993-02-01,-0.086127847,-0.012431894,0.023813271,-0.007328142,0.079213936,-0.037419949,-0.06342682,0.021468571,0.049675347,-0.037907613
1993-03-01,-0.072343238,-0.044585148,0.037075114,0.024379059,0.077384073,0.051953381,0.043708146,0.054701448,0.021465431,0.01305048
1993-04-01,0.060542894,-0.036983694,-0.036115855,-0.0235366,0.008131522,-0.055240165,-0.03817721,-0.022771633,-0.002965885,-0.052738999
1993-05-01,-0.041563584,0.047572777,0.004068676,0.040798958,0.058522385,0.043652819,0.053799752,0.029883339,0.006298922,0.043704887
1993-06-01,-0.079184707,-0.032487311,0.026744823,-0.005054744,0.006218307,-0.028935923,0.005944412,0.005835296,0.023862915,-0.05125487
1993-07-01,-0.003989362,0.02240365,0.019393843,-0.006463519,0.043289691,0.004871594,0.000944317,0.026793302,0.014774823,0.015385986
1993-08-01,-0.023012552,0.017317646,0.042974541,0.03901722,0.032511027,0.021871889,0.01485046,0.024851809,0.034572684,0.061163427
1993-09-01,0.088056683,-0.030261421,0.023995336,0.000189833,-0.03788211,0.005738586,0.045811384,0.010178789,-0.004815258,-0.006734875
1993-10-01,0.057337688,0.080527767,-0.0148777,0.039398102,0.001514389,0.035059922,0.034996195,0.064184621,-0.019727352,0.027501061
1993-11-01,0.027491409,0.011645336,-0.043821924,-0.001367364,-0.080493163,-0.007812766,-0.021203214,0.006427665,-0.053685979,0.011733555
1993-12-01,0.11620521,0.080248868,0.025059861,0.032173502,0.038601701,0.016489539,0.070132389,0.006465571,0.019535677,0.028063831
1994-01-01,-0.031188509,0.055578846,0.025242491,0.05100494,0.06746216,-0.004680326,0.070956567,0.050157186,0.001346596,0.078706016
1994-02-01,0.112586485,-0.053300333,-0.029177703,-0.002799244,-0.017225106,0.020449189,0.023777725,-0.028583386,-0.041768302,0.00749674
1994-03-01,-0.070652172,-0.076904299,-0.032594755,-0.045206833,-0.041908467,-0.037002372,-0.04394459,-0.058757578,-0.035401186,-0.043482626
1994-04-01,-0.052478904,-0.017480554,0.008911096,0.003402089,0.015644429,-0.018305335,0.008143142,0.012238815,0.026003353,0.012833491
1994-05-01,-0.06808167,-0.056837016,0.021150757,0.000245277,0.016660231,-0.031958846,0.017918849,-0.018887671,-0.049674759,-0.009297846
1994-06-01,0.038520086,-0.058310605,-0.017486038,-0.023638614,0.008124057,-0.046516063,-0.046589596,-0.028515964,-0.026797134,-0.0293923
1994-07-01,0.084916024,0.047396124,0.025374611,0.03349148,0.00174014,-0.002155107,0.020883236,0.025933813,0.039997588,0.025527806
1994-08-01,-0.006410257,0.013929971,0.030598346,0.057068299,0.017536688,0.052295742,0.084393454,0.056709989,0.007550887,0.058684094
1994-09-01,0.04364757,-0.020707612,-0.034308167,-0.005513092,0.023641779,-0.020840141,0.0032062,-0.040354611,-0.023311226,-0.010725359
1994-10-01,0,-0.041485415,-0.013843015,0.003891529,-0.001486807,0.006957905,-0.004647945,0.008357092,0.009757798,-0.00544136
1994-11-01,-0.06666667,-0.055937166,-0.057343963,-0.051109308,-0.086474025,-0.04878847,-0.031664661,-0.054823433,-0.016098139,-0.022354755
1994-12-01,0.047619049,-0.014273455,0.025639022,0.024889404,-0.004949334,-0.020114206,0.018957853,-0.020954925,0.014355345,0.015056186
1995-01-01,0.022727273,0.030352629,0.040109686,-0.006058832,-0.045925419,0.002720327,0.032494285,0.046608549,0.044400824,-0.014296635
1995-02-01,0.088888891,0.031828793,0.056740037,0.041002363,0.032805051,0.040216788,0.036972585,0.042387086,0.018444252,0.029705617
1995-03-01,-0.030612245,-0.049846677,0.008390489,0.020838887,0.079113827,-0.005790283,0.037795574,0.028143338,-0.017177785,0.024849658
1995-04-01,0.010526316,0.048506795,0.016933921,0.026702762,0.028663494,-0.013681842,0.009804733,0.036090258,0.02495197,0.015956243
1995-05-01,0.104166664,0.079077512,0.045223716,0.02228679,0.017812786,0.011643258,0.000571929,0.016647319,0.042568151,0.008539556
1995-06-01,-0.056603774,0.041743801,0.027371489,0.035132791,-0.007588644,0.042257062,0.035457353,0.064948408,0.004253517,0.045422084
1995-07-01,0.059999999,0.03593639,0.041601027,0.045859721,0.026450746,0.034022596,0.065927883,0.057442191,0.004520483,0.049116563
1995-08-01,0.03773585,0.031505543,0.04882598,0.009843619,0.02577811,-0.009752776,0.015634323,0.019105272,0.020581054,0.018071429
1995-09-01,0.036363635,0.003586717,0.037771149,0.008297979,-0.001907008,0.021134158,0.022319575,0.036212485,0.045566563,0.019135158
1995-10-01,0.01754386,0.039375465,-0.030375017,-0.047888988,-0.07661966,-0.093276226,-0.038019819,-0.022097405,0.008632896,-0.046196321
1995-11-01,0.103448279,0.009040879,0.049390004,0.036420468,0.061726167,0.033941545,0.056703657,0.048768735,0.027395346,0.049275795
1995-12-01,0.124896288,0.056365862,0.028958557,0.014956747,0.079918663,-0.033648416,0.021511609,0.045171491,0.040483509,0.020689851
1996-01-01,0.087974545,-0.009877532,0.032087059,0.01520231,0.017022713,-0.010523537,0.040393925,0.016593889,0.013900397,0.006264155
1996-02-01,0.140375944,-0.016663584,0.015029861,0.030905794,0.015220195,0.041037753,0.048353102,0.038804449,-0.017076886,0.029164942
1996-03-01,0.091755316,0.023911211,0.020809492,0.024476089,0.056208997,0.094262906,0.02569756,0.02767312,0.007906914,0.074287132
1996-04-01,0.0605895,-0.002860629,0.01330874,0.042454644,0.084330832,0.049905333,0.063412706,0.036294607,-0.013656049,0.067082972
1996-05-01,-0.032796522,0.079136137,0.022892421,0.036258111,0.019472155,0.058360118,0.032097158,0.002785437,0.00951792,0.047235949
1996-06-01,-0.016413238,-0.046645227,0.003362455,-0.028978953,-0.001401671,-0.027887687,-0.02162072,-0.00631693,0.032686881,-0.03767279
1996-07-01,-0.166743711,-0.068782337,-0.032698004,-0.063577009,-0.05404429,-0.082105717,-0.096976421,-0.081205402,-0.046717414,-0.074347098
1996-08-01,0.016454546,0.027843745,0.053666732,0.035957091,0.057948984,0.060766878,0.048712248,0.015175091,0.036745743,0.037435536
1996-09-01,-0.007658421,-0.020041337,0.043852246,0.040890297,0.03202805,0.015176893,0.041135371,0.027348108,0.015787637,0.034610498
1996-10-01,0.115384616,-0.029380647,0.02146529,-0.001773837,0.065598704,-0.028539989,-0.027752908,-0.004682849,0.0267535,-0.001765621
1996-11-01,-0.061467294,0.056045112,0.064810922,0.051676089,0.040922126,0.028650235,0.019599563,0.057698708,0.032159173,0.029925889
1996-12-01,0.006251196,0.034782202,0.016035308,0.013962303,0.008394552,-0.021026531,-0.004575051,-0.005177172,0.001728659,0.007544057
1997-01-01,0.106565021,0.025586689,0.046196342,0.038006673,0.026191847,-0.00181741,0.042344472,0.042801436,0.016603758,-0.000691682
1997-02-01,-0.026380644,-0.013457311,0.033359778,-0.00332384,-0.060827245,0.034917505,-0.014857652,-0.001253641,-0.01059382,-0.011548873
1997-03-01,-0.074294863,-0.06522174,-0.054953669,-0.032051157,-0.01209821,-0.004744148,-0.054185866,-0.006919708,-0.033169015,-0.04107738
1997-04-01,0.029568564,-0.007226677,0.026142652,0.011462803,-0.024533527,0.002671559,0.019947837,0.021691784,-0.007054199,0.007878053
1997-05-01,0.116296718,0.092549519,0.078089048,0.094988278,0.101198266,0.093744184,0.11098467,0.088420532,0.042240228,0.072849954
1997-06-01,0.098034963,0.034587092,0.085091084,0.050100934,0.016357524,0.044562551,0.060101512,0.032287915,0.029617519,0.047664871
1997-07-01,0.019129561,0.089324024,0.077896291,0.065779788,0.064877278,0.055369336,0.045808426,0.065280538,0.028281334,0.049955093
1997-08-01,-0.006610551,0.012855131,-0.014526833,0.015442755,0.056770346,0.009025574,0.017324155,-0.002685469,0.002801462,0.022056095
1997-09-01,0.012723206,0.037566376,0.08184999,0.05018471,0.088798093,0.062908342,0.061081083,0.081369483,0.049877156,0.059704462
1997-10-01,-0.061079759,-0.044044604,-0.024597013,-0.047939838,-0.021135035,-0.028360932,-0.041395637,0.006569904,0.001671012,-0.025746277
1997-11-01,-0.002167054,0.009344909,0.01752663,-0.001706347,-0.090650838,0.018494393,-0.001137378,0.017619981,0.060086269,0.017142714
1997-12-01,0.076222846,0.048626213,0.052365332,0.001154146,-0.019329809,-0.016313104,0.01549834,0.006744681,0.088076545,-0.016656962
1998-01-01,-0.130778746,0.002472108,-0.018841824,0.000524758,-0.065993266,0.004323442,0.000966749,0.034246898,-0.046464385,0.001162393
1998-02-01,0.434113847,0.110441119,0.085742833,0.07426164,0.05354677,0.090411747,0.080603346,0.079001366,0.027928811,0.084028934
1998-03-01,0.080919161,0.070312976,0.055346238,0.039392359,0.054931304,0.087264368,0.056867049,0.049501424,0.053482076,0.053095349
1998-04-01,-0.027500341,-0.003927313,0.017062132,0.00981763,0.034656732,0.008742361,-0.011074515,-0.003550528,-0.020295629,0.014292227
1998-05-01,0.075408295,-0.042236293,-0.030638829,-0.038210026,-0.091878578,-0.00550443,-0.054844835,-0.042200515,-0.017244715,-0.02503727
1998-06-01,-0.022367364,0.046948591,0.011612367,-0.028477051,-0.0637802,0.000190814,0.011086489,0.024982171,0.025284864,-0.005684959
1998-07-01,-0.031824603,-0.041085548,-0.050780903,-0.062430535,-0.139682949,-0.042687974,-0.079482828,-0.019618484,-0.04412421,-0.055657625
1998-08-01,-0.163013586,-0.168782021,-0.193564547,-0.170982332,-0.250469522,-0.169841802,-0.210960558,-0.17093069,-0.020271685,-0.18445271
1998-09-01,0.026013982,0.03791083,0.027332142,0.026631005,0.197611585,0.028050377,0.026707768,0.046141022,0.087343537,0.008369542
1998-10-01,0.158519408,0.052087746,0.035844133,0.080200986,0.02854854,0.042189381,0.051346994,0.050847984,0.006582416,0.082732379
1998-11-01,0.045630716,0.046180663,0.048242423,0.055829577,-0.111531207,0.060761103,0.070003097,0.047115402,0.013085861,0.041336625
1998-12-01,0.023642523,0.090915827,0.019794596,0.024719581,-0.06939557,0.079508764,0.038258441,0.088559653,0.028690809,0.034630796
1999-01-01,-0.063173219,0.026086942,-0.016231054,-0.008579812,-0.077332889,0.022775164,-0.013754643,0.025114762,-0.059012441,-0.042734313
1999-02-01,-0.095390432,-0.09178407,-0.047175736,-0.055572103,-0.086121686,-0.012793052,-0.076589974,-0.029958339,-0.036177025,-0.096439195
1999-03-01,-0.018106848,0.001459139,0.001706336,-0.013066038,0.263126003,0.002720494,-0.007050447,0.034490788,-0.015599515,-0.015607265
1999-04-01,-0.041240236,0.136313601,0.082426566,0.134656384,0.199495564,0.043877944,0.07995412,0.076003543,0.077154378,0.100091398
1999-05-01,0.020281019,0.020092685,0.00571469,0.023238462,-0.039527523,0.028610288,0.042542693,-0.009159536,0.068402862,0.061890034
1999-06-01,-0.002418225,0.046147243,0.011846803,0.041882567,0.050532002,0.034810765,0.038532816,0.059839713,0.003681894,0.042288267
1999-07-01,0.063286809,-0.002693018,-0.031402716,-0.013852844,0.020126707,-0.053797273,-0.035143817,-0.010854028,0.013401703,-0.028409103
1999-08-01,-0.050913122,-0.064346155,-0.068837349,-0.037278636,0.02754703,-0.096171348,-0.047842373,-0.053724691,-0.007037741,-0.081726958
1999-09-01,-0.076819837,-0.022341308,-0.037743307,-0.038892025,0.011417855,-0.018383298,-0.043839315,-0.012146428,-0.027583111,-0.071264313
1999-10-01,0.008986202,-0.054919543,0.051056454,-0.024406546,-0.084845474,-0.059968559,-0.047433791,0.031817908,0.018406177,-0.093969686
1999-11-01,-0.10462335,0.038200248,-0.023096552,0.020819079,-0.018350173,0.015047278,0.041190281,0.056268306,-0.043665935,0.017079989
1999-12-01,-0.056829903,0.028323231,-0.015848672,0.04385094,0.028826658,-0.025263933,0.068730422,0.078665575,-0.015887052,0.037578892
2000-01-01,-0.018365519,-0.08228167,-0.041309713,-0.035864369,0.00634435,-0.084456377,-0.045327781,-0.062612289,0.033523233,-0.041834307
2000-02-01,0.059048878,0.027175336,-0.047303742,-0.006546635,0.034136308,-0.03766444,-0.027094401,-0.006035582,-0.054027348,-0.021939023
2000-03-01,-0.064016022,0.134830441,0.124198481,0.075937942,0.15524498,0.137422815,0.052976824,0.060412109,0.063251736,0.053670986
2000-04-01,0.049809897,0.024994867,-0.022486742,0.007416509,-0.009781274,-0.033239187,-0.015234636,-0.039141091,0.062641835,0.007878376
2000-05-01,0.014499654,-0.004161074,0.03170338,-0.017482377,0.150610641,-0.028551207,-0.037363757,-0.012040437,0.033878497,-0.011973576
2000-06-01,-0.043810994,-0.039469054,-0.013345399,0.01385959,-0.007988944,-0.028809676,0.041420723,0.006115386,-0.033524745,0.019277077
2000-07-01,0.023176132,0.035373811,0.068701648,0.005274751,-0.078316439,-0.001976154,0.041427488,0.011448551,0.048768976,-0.00583428
2000-08-01,0.000651938,0.175048005,0.061756405,0.050208562,0.186356472,0.009147855,0.042706124,3771642999,0.080368368,0.045065691
2000-09-01,0.045291029,0.042912219,0.052825195,-0.039435371,0.02125464,-0.023826977,-0.013648956,-0.083141812,0.066604676,-0.041416889
2000-10-01,-0.043307315,-0.015827957,0.004346452,-0.003970118,-0.078818347,-0.002281528,-0.01116461,0.016786918,-0.01477826,-0.029005535
2000-11-01,-0.116882496,0.027212797,-0.030459944,-0.057837054,-0.042553011,-0.048639483,-0.035109651,-0.086163176,0.036869465,-0.002455122
2000-12-01,-0.089227967,0.086116595,0.122324069,0.060640984,0.252625262,0.025408275,0.03742187,0.031835964,0.098909481,0.064176274
2001-01-01,0.092179804,0.052097614,0.032750797,0.115237356,-0.000654477,0.201754038,0.145877712,0.148530392,-0.077776973,0.181313523
2001-02-01,-0.016995899,-0.040704413,-0.017463236,-0.01607922,0.011650118,0.017731048,-0.022888142,-0.081687844,0.034447895,-0.021592331
2001-03-01,0.063262448,-0.018208154,-0.025413125,-0.050022197,-0.010777128,-0.0273885,-0.067764634,-0.062683823,0.027506958,-0.019574423
2001-04-01,0.02216638,0.087123264,0.045396415,0.068379672,0.069558571,0.061640886,0.076872467,0.063792753,0.038590225,0.055979454
2001-05-01,0.015811068,0.093552978,0.050422346,0.049570111,0.029171582,0.07145021,0.092531718,0.02894238,0.000798976,0.090570434
2001-06-01,-0.078282628,0.039323306,0.034550819,-0.003798068,-0.120038837,0.021538207,0.024394431,-0.02943157,-0.027176853,0.027803772
2001-07-01,0.003006745,0.039335882,0.015142924,-0.005494585,-0.045676251,0.012848506,-0.012972348,-0.033069884,-0.03307545,-0.003904641
2001-08-01,-0.009884257,-0.10783797,-0.02486487,-0.013996077,-0.062666394,-0.011734888,-0.025687685,-0.07191271,0.004512326,-0.000428724
2001-09-01,-0.134548003,-0.201402399,-0.063158843,-0.138386048,-0.12492365,-0.175839931,-0.137734401,-0.170307608,-0.066743466,-0.154716219
2001-10-01,0.025546473,0.039999222,-0.016323582,0.039792969,0.114158806,0.060734853,0.018251719,0.008830603,-0.004954677,-0.00930285
2001-11-01,0.102728489,0.119649347,0.057116419,0.080824837,-0.036870397,0.160890973,0.07118248,0.107194378,0.007413003,0.094547913
2001-12-01,0.079666879,0.20326089,0.056406501,0.060577596,0.094187884,0.05518975,0.077624108,0.04520914,0.039365621,0.054690708
2002-01-01,0.020086888,0.045076379,0.015425399,0.016139826,-0.048304545,0.052076928,0.001448073,-0.049269944,-0.038226022,0.02834361
2002-02-01,-0.008537973,0.051055363,0.002258859,0.012231178,0.052888178,0.016303618,-0.012285212,-0.02989848,-0.004614774,-0.004642923
2002-03-01,0.080492609,0.016176779,0.066172624,0.084155044,0.133611322,0.077558103,0.108993683,0.067261329,0.098188993,0.099270511
2002-04-01,0.051123063,0.10542969,0.0296674,0.018862399,0.039933859,0.06039961,0.020038363,-0.060376513,-0.009102267,0.056880546
2002-05-01,-0.028312755,-0.05074156,-0.013178665,-0.019198511,-0.030282509,0.013371095,-0.029221408,-0.024749202,-0.048911489,-0.041264841
2002-06-01,-0.004277466,0.006339184,-0.03699901,-0.039665345,-0.035090645,-0.060943939,-0.075394129,-0.123273326,-0.053585713,-0.010441167
2002-07-01,-0.10665344,-0.232842497,-0.087045243,-0.119471719,-0.152560243,-0.149960625,-0.136717971,-0.13936211,-0.137712314,-0.124918261
2002-08-01,-0.014327471,0.010732163,0.009822642,0.001087837,0.056443547,-0.024157079,-0.010888862,0.027075653,0.042341256,0.004444263
2002-09-01,0.031634602,-0.100620497,-0.07637299,-0.092044741,-0.034204284,-0.093645167,-0.069569368,-0.122963623,-0.095572603,-0.083438137
2002-10-01,0.044604338,0.0435278,0.014588875,0.020653476,0.006406316,0.013004066,0.01847625,0.1181137,-0.009644227,0.029866497
2002-11-01,0.040539205,0.042135349,0.03914671,0.118295272,0.035175358,0.086814464,0.079583196,0.173998838,0.053175704,0.046849272
2002-12-01,0.054684146,-0.032720246,-0.023603291,-0.03893566,0.039337052,-0.077812311,-0.034399713,-0.058825196,0.026791575,-0.036486752
2003-01-01,-0.054903299,-0.005615915,-0.015974372,-0.028409591,-0.007008077,-0.042678155,-0.036998473,-0.024777161,-0.022963774,-0.043714533
2003-02-01,0.00238653,-0.011758326,-0.03341872,-0.027056408,0.023163779,-0.055769167,-0.042550983,-0.072019992,-0.046841018,-0.055528942
2003-03-01,0.091032544,0.030758515,0.003297598,-0.001487911,-0.018605234,0.031872515,0.009774976,0.013399471,0.04864855,-0.013014258
2003-04-01,0.039326896,0.14149423,0.112233724,0.091859682,0.016262993,0.133720087,0.06454009,0.164975019,0.116872601,0.090009996
2003-05-01,0.064430557,0.273460833,0.086852089,0.082600754,0.196283888,0.082620406,0.08851728,0.0990376,0.108739244,0.085865926
2003-06-01,-0.046641196,0.02804147,0.017237065,0.022328711,0.019092089,0.082609321,0.032201114,0.047440638,-0.002806955,0.040666748
2003-07-01,0.099477284,-0.015173934,0.04650391,0.049195634,-0.023415732,0.063058056,0.062229989,0.008582993,-0.031859662,0.028450335
2003-08-01,-0.002632681,0.083780221,0.011066515,0.054141579,0.080544937,0.08138689,0.031396121,0.049962678,0.013966431,0.025838165
2003-09-01,-0.014366891,0.043264244,0.007402266,-0.017517692,-0.021038173,-0.046790975,-0.01176811,-0.034008168,0.028607292,0.000772085
2003-10-01,0.086980833,0.164759639,0.07278179,0.077166582,0.063771372,0.113596622,0.071939708,0.064800792,0.034296204,0.114136703
2003-11-01,0.056878597,0.063165357,0.024874641,0.036927699,0.046367685,0.024667568,0.042441335,0.017746574,0.025750216,0.048844216
2003-12-01,0.022084191,0.037199011,0.031991076,0.059999377,0.139290591,-0.015682606,0.03877618,0.060850532,0.048537908,0.052004085
2004-01-01,0.000125613,-0.029375205,0.046765507,0.032541532,0.004649051,0.017726207,0.043578984,0.005649738,0.02542994,0.048472407
2004-02-01,-0.019706077,0.088739231,0.027782811,0.027667371,0.067312297,0.061391337,0.002631855,-0.003001543,0.014971432,0.011655253
2004-03-01,-0.037666048,0.042150798,0.002839127,-0.002565656,0.031105813,0.009920083,0.015472104,-0.013509358,0.006240771,0.030906546
2004-04-01,-0.043048444,-0.080677043,-0.044377733,-0.014219066,0.012689132,-0.028171044,-0.009265258,-0.012934871,-0.031894994,0.000859097
2004-05-01,-0.020791397,-0.008852119,0.024637493,0.005411163,0.002862023,-0.009436946,0.002992073,-0.01129378,0.010874358,0.010234245
2004-06-01,-0.025523712,0.025789447,0.021027552,0.054174315,0.086730695,0.02489403,0.038944478,0.025225447,0.033954945,0.050872705
2004-07-01,-0.010162204,-0.034065385,-0.033983202,-0.051678177,0.021805968,-0.033698435,-0.057747395,-0.047840874,-0.01118086,-0.049398826
2004-08-01,0.128506798,0.038693346,0.030752614,-0.011249568,-0.029371388,-0.038441341,-0.008443897,0.008861626,0.029698926,-0.010257504
2004-09-01,0.031194614,0.055535778,0.029178242,0.043717985,0.128394164,0.031719577,0.04073372,0.009178438,0.016012346,0.025680574
2004-10-01,-0.031410591,0.005927392,0.013070017,0.002038445,-0.012751011,0.027534617,0.025946637,0.045260722,0.02610456,0.000719706
2004-11-01,0.060487633,0.081975785,0.074244732,0.08744376,0.10968269,0.073696902,0.076874505,0.063293884,0.061127286,0.08599706
2004-12-01,0.026664204,0.15228871,0.042163332,0.036855122,-0.02667491,0.036170831,0.052056212,0.040169262,0.021674725,0.051043395
2005-01-01,0.069736486,0.009873072,-0.025038101,-0.02835145,0.033556451,-0.014571552,-0.027751508,-0.050258543,0.002786368,-0.016169751
2005-02-01,0.063627935,0.078466046,0.006265313,0.02652959,0.142040861,0.02259959,0.000297617,0.014530252,0.023653269,0.018536988
2005-03-01,-0.081530314,-0.072023747,-0.022227155,-0.025556758,-0.025264846,0.036248711,0.004508528,-0.00327298,-0.001617038,-0.022723189
2005-04-01,-0.036136011,-0.058398273,-0.029269344,-0.063738557,-0.088894073,-0.049191105,-0.041234224,-0.055705356,-0.005453383,-0.049594576
2005-05-01,0.088760533,0.099683308,0.038834182,0.053286638,0.044922942,0.093664912,0.046534629,0.045449245,0.053611493,0.029210125
2005-06-01,-0.009289217,0.072469552,0.0488412,0.020061379,0.093130581,0.044484215,0.028425914,0.025950147,0.046788022,0.011287105
2005-07-01,0.100477884,0.129654586,0.037224895,0.063196062,0.102310398,0.042406241,0.042331811,0.060129172,0.031523232,0.063354509
2005-08-01,-0.101314817,-0.001012841,-0.017500464,-0.005166593,0.046304158,-0.07293108,-0.001838564,-0.009259239,0.003371996,-0.02500617
2005-09-01,-0.025440203,-0.004540975,0.00832902,-0.006949144,0.109843437,-0.03191737,0.002059006,-0.004729919,0.026688358,-0.006647979
2005-10-01,-0.055300586,-0.096466939,0.003055765,-0.039269276,-0.081747413,-0.010126689,-0.021545179,-0.014482633,-0.065034194,-0.047839945
2005-11-01,-0.059196603,0.036043295,0.046846266,0.041621866,0.031473263,0.051132465,0.041101295,0.031459829,-0.003635473,0.081480155
2005-12-01,-0.028963729,0.003437953,0.004588561,0.008682477,0.025282512,0.015441685,0.004072282,0.001521378,0.003266145,0.005894348
2006-01-01,0.042829373,0.087159289,0.038397766,0.06914101,0.168424949,0.05649285,0.054015297,0.029676797,0.039600504,0.102211417
2006-02-01,0.099480387,-0.020755368,0.01373769,-0.000820706,-0.117518166,0.006503599,0.006397251,0.005711854,0.010523839,0.00290107
2006-03-01,0.111318242,0.05031084,0.019536369,0.042275638,0.068147015,0.0447772,0.05340206,0.032784346,-0.010770896,0.056477331
2006-04-01,-0.047880146,-0.019093737,0.005794068,0.017206,0.054811102,0.003181277,0.012208618,0.000671469,0.013209057,-0.006510263
2006-05-01,-0.056985602,-0.106068653,-0.036228099,-0.038419756,-0.067583046,-0.037963499,-0.019832173,-0.013221204,0.000697797,-0.040927387
2006-06-01,0.038135592,-0.02667426,0.004159587,-0.009342208,0.021280821,-0.01228421,-0.001584478,0.014500197,0.025545409,-0.013228271
2006-07-01,0.163605422,-0.079929344,-0.012563236,-0.032887872,-0.009991943,-0.030307134,-0.036888387,-0.034904566,0.051752314,-0.030932933
2006-08-01,0.187079802,0.026952738,0.01613876,0.029969923,-0.025260782,0.031497645,0.031392275,0.022141435,0.021116785,-8323986.549
2006-09-01,0.000988653,0.015532593,0.029042387,0.015371111,-0.08631168,0.067173274,0.012763756,0.009038648,-0.019266016,0.034223376
2006-10-01,0.000246872,0.069759539,0.030723537,0.054847743,0.077257545,0.054438393,0.042748788,0.06547726,0.058642245,0.061381465
2006-11-01,0.005183928,0.072309054,0.02024328,0.036035923,0.085917796,0.021556259,0.034480393,0.025616783,0.037270034,0.023876252
2006-12-01,-0.002466054,0.022431712,0.029221683,0.014266967,-0.057067342,0.017887675,0.022933227,0.015963738,0.001880442,-0.003831761
