,Date,dp,dy,ep,de,svar,b.m,ntis,tbl,lty,ltr,tms,dfy,infl
1278,6/1/1977,-3.137486645,-3.093125354,-2.266231666,-0.871254979,0.000563354,0.871112081,0.031941284,0.0502,0.0754,0.0164,0.0252,0.0096,0.006633499
1279,7/1/1977,-3.11047744,-3.126832593,-2.24063908,-0.86983836,0.000594692,0.896783399,0.033182021,0.0519,0.0768,-0.007,0.0249,0.0093,0.004942339
1280,8/1/1977,-3.078691635,-3.099958155,-2.210229097,-0.868462537,0.000582452,0.92653426,0.033750739,0.0549,0.0754,0.0198,0.0205,0.0084,0.003278689
1281,9/1/1977,-3.065776444,-3.068259632,-2.198675956,-0.867100488,0.000463184,0.942262516,0.032367976,0.0581,0.0764,-0.0029,0.0183,0.0088,0.003267974
1282,10/1/1977,-3.00887874,-3.053255164,-2.148712926,-0.860165814,0.000726166,0.975377284,0.032775495,0.0616,0.0781,-0.0093,0.0165,0.0085,0.003257329
1283,11/1/1977,-3.023142379,-2.996533981,-2.169765754,-0.853376625,0.001387517,0.96203447,0.029217127,0.061,0.0777,0.0093,0.0167,0.0087,0.00487013
1284,12/1/1977,-3.013769898,-3.010926743,-2.167084033,-0.846685865,0.000626626,0.960333025,0.030475541,0.0607,0.0803,-0.0168,0.0196,0.008,0.003231018
1285,1/1/1978,-2.941053121,-3.00454067,-2.102678631,-0.83837449,0.000908056,1.036731089,0.028814389,0.0644,0.0816,-0.008,0.0172,0.0076,0.006441224
1286,2/1/1978,-2.906813633,-2.93188727,-2.076687983,-0.830125649,0.000669887,1.075567294,0.031169141,0.0645,0.0822,4.00E-04,0.0177,0.0073,0.0064
1287,3/1/1978,-2.922377223,-2.897751865,-2.100397171,-0.821980052,0.000622855,1.111492553,0.027569748,0.0629,0.0831,-0.0021,0.0202,0.0075,0.007949126
1288,4/1/1978,-2.996724194,-2.914760471,-2.172945649,-0.823778544,0.001741161,1.005350404,0.022945989,0.0629,0.0838,-5.00E-04,0.0209,0.0076,0.007886435
1289,5/1/1978,-2.993410824,-2.989185538,-2.167834524,-0.8255763,0.001085059,1.001415639,0.016559459,0.0641,0.0852,-0.0058,0.0211,0.008,0.009389671
1290,6/1/1978,-2.968166392,-2.985908208,-2.140851566,-0.827314827,0.001027411,1.027901581,0.016523465,0.0673,0.0865,-0.0062,0.0192,0.0084,0.010852713
1291,7/1/1978,-3.013226483,-2.960719647,-2.183319909,-0.829906574,0.00084993,0.976260336,0.014671414,0.0701,0.0858,0.0143,0.0157,0.0072,0.007668712
1292,8/1/1978,-3.031448244,-3.005854848,-2.198965854,-0.83248239,0.001002245,0.960060218,0.012025052,0.0708,0.0843,0.0218,0.0135,0.0079,0.00456621
1293,9/1/1978,-3.016823033,-3.024110632,-2.181837425,-0.834985608,0.000948016,0.972257513,0.012726385,0.0785,0.086,-0.0106,0.0075,0.0073,0.007575758
1294,10/1/1978,-2.917459991,-3.013501861,-2.064138936,-0.853321055,0.002100022,1.062275222,0.014375663,0.0799,0.0889,-0.02,0.009,0.007,0.009022556
1295,11/1/1978,-2.930672505,-2.914169602,-2.059436024,-0.871236481,0.003180904,1.053527402,0.014113759,0.0864,0.0877,0.0189,0.0013,0.008,0.004470939
1296,12/1/1978,-2.942152551,-2.927373183,-2.053458052,-0.8886945,0.001665671,1.045701296,0.014874873,0.0908,0.0898,-0.013,-0.001,0.0078,0.004451039
1297,1/1/1979,-2.972624953,-2.93364838,-2.06655189,-0.906073062,0.001001125,1.003074283,0.014449882,0.0935,0.0886,0.0191,-0.0049,0.0088,0.008862629
1298,2/1/1979,-2.926963773,-2.964173101,-2.004105171,-0.922858602,0.000814059,1.040775451,0.012292482,0.0932,0.0908,-0.0135,-0.0024,0.0082,0.011713031
1299,3/1/1979,-2.97228648,-2.918601987,-2.03318107,-0.93910541,0.000800771,1.033078939,0.011731434,0.0948,0.0902,0.0129,-0.0046,0.0089,0.010130246
1300,4/1/1979,-2.965017792,-2.963345798,-2.01795159,-0.947066202,0.000646829,1.041876243,0.011631183,0.0946,0.0922,-0.0112,-0.0024,0.0095,0.011461318
1301,5/1/1979,-2.929485735,-2.95617523,-1.974648809,-0.954836925,0.000924233,1.083141804,0.014245391,0.0961,0.0903,0.0261,-0.0058,0.0097,0.012747875
1302,6/1/1979,-2.958629167,-2.920701952,-1.996227083,-0.962402084,0.000571458,1.057863607,0.012127993,0.0906,0.0877,0.0311,-0.0029,0.0109,0.011188811
1303,7/1/1979,-2.95677465,-2.948067164,-1.989552762,-0.967221888,0.000707685,1.052314454,0.009737203,0.0924,0.0895,-0.0085,-0.0029,0.0109,0.011065007
1304,8/1/1979,-2.998058431,-2.946341375,-2.02612797,-0.971930461,0.000506456,1.003458648,0.011604257,0.0952,0.0907,-0.0035,-0.0045,0.0112,0.009575923
1305,9/1/1979,-2.987714738,-2.987714738,-2.011205146,-0.976509592,0.001233085,1.013794987,0.009439171,0.1026,0.0927,-0.0122,-0.0099,0.011,0.010840108
1306,10/1/1979,-2.908202142,-2.979274954,-1.934903376,-0.973298765,0.00258934,1.091945568,0.010247528,0.117,0.1034,-0.0841,-0.0136,0.0127,0.008042895
1307,11/1/1979,-2.94159168,-2.899850839,-1.971449225,-0.970142455,0.001558374,1.083115462,0.01081468,0.1179,0.1009,0.0311,-0.017,0.0123,0.009308511
1308,12/1/1979,-2.949919972,-2.933291845,-1.982902478,-0.967017494,0.000469655,1.061950068,0.010549299,0.1204,0.1012,0.0057,-0.0192,0.0132,0.010540185
1309,1/1/1980,-2.997134798,-2.941109342,-2.029330796,-0.967804002,0.001906401,1.016954958,0.011297471,0.12,0.1114,-0.0741,-0.0086,0.0133,0.014341591
1310,2/1/1980,-2.984011681,-2.988401118,-2.015428849,-0.968582832,0.001897609,1.03192993,0.010827185,0.1286,0.1186,-0.0467,-0.01,0.0119,0.014138818
1311,3/1/1980,-2.86799686,-2.975353618,-1.898655757,-0.969341102,0.004621872,1.093732103,0.011877396,0.152,0.1239,-0.0315,-0.0281,0.0149,0.015209126
1312,4/1/1980,-2.900293808,-2.859977378,-1.946633903,-0.953659905,0.002745574,1.05181994,0.015346805,0.132,0.1076,0.1523,-0.0244,0.0215,0.011235955
1313,5/1/1980,-2.937873917,-2.892355095,-1.999866955,-0.938006962,0.001509752,1.010048775,0.015051823,0.0858,0.1037,0.0419,0.0179,0.0218,0.009876543
1314,6/1/1980,-2.956592365,-2.929980896,-2.034259319,-0.922333046,0.001371067,0.990183427,0.015304351,0.0707,0.1006,0.0359,0.0299,0.0213,0.011002445
1315,7/1/1980,-3.012340207,-2.949329243,-2.103986224,-0.908353983,0.001362829,0.918829919,0.020154008,0.0806,0.1074,-0.0476,0.0268,0.0158,0
1316,8/1/1980,-3.010931361,-3.005112865,-2.116566071,-0.89436529,0.001708132,0.921519639,0.019949805,0.0913,0.114,-0.0432,0.0227,0.0151,0.007255139
1317,9/1/1980,-3.028628378,-3.003772353,-2.148229474,-0.880398903,0.002657407,0.921687652,0.023796048,0.1027,0.1185,-0.0262,0.0158,0.0168,0.008403361
1318,10/1/1980,-3.039592272,-3.023698211,-2.160033549,-0.879558723,0.002190636,0.929593614,0.022769195,0.1162,0.1231,-0.0263,0.0069,0.0192,0.00952381
1319,11/1/1980,-3.132155077,-3.034686293,-2.253429008,-0.878726069,0.002419092,0.865161979,0.021949283,0.1373,0.123,0.01,-0.0143,0.0167,0.008254717
1320,12/1/1980,-3.092811843,-3.12727305,-2.214911001,-0.877900842,0.002951487,0.891503024,0.026816359,0.1549,0.1199,0.0352,-0.035,0.0193,0.009356725
1321,1/1/1981,-3.039517615,-3.086339329,-2.17350202,-0.866015595,0.00159744,0.907238697,0.028695424,0.1502,0.1211,-0.0115,-0.0291,0.0222,0.00811124
1322,2/1/1981,-3.046276088,-3.033086725,-2.192133574,-0.854142514,0.001530896,0.881815757,0.030009372,0.1479,0.1283,-0.0435,-0.0196,0.0202,0.010344828
1323,3/1/1981,-3.075284905,-3.03988629,-2.233004159,-0.842280746,0.002075959,0.924920557,0.027939341,0.1336,0.1248,0.0384,-0.0088,0.0201,0.006825939
1324,4/1/1981,-3.045722616,-3.069457966,-2.199488262,-0.846234353,0.000832009,0.930593836,0.027352052,0.1369,0.1332,-0.0518,-0.0037,0.0168,0.006779661
1325,5/1/1981,-3.038287297,-3.039945172,-2.188137848,-0.85014945,0.000921693,0.936223847,0.028844656,0.163,0.1265,0.0622,-0.0365,0.0163,0.007856341
1326,6/1/1981,-3.022064825,-3.032527392,-2.168082447,-0.853982377,0.000995536,0.950474982,0.027893475,0.1473,0.1304,-0.0179,-0.0169,0.0205,0.008908686
1327,7/1/1981,-3.013098824,-3.015311467,-2.160110273,-0.852988551,0.001102994,0.974966924,0.025590255,0.1495,0.137,-0.0353,-0.0125,0.0179,0.011037528
1328,8/1/1981,-2.942264458,-3.006375328,-2.09027944,-0.851985018,0.001824936,1.053354056,0.026991788,0.1551,0.1445,-0.0386,-0.0106,0.0145,0.007641921
1329,9/1/1981,-2.880266337,-2.935601203,-2.029250593,-0.851015743,0.002761243,1.092378644,0.021483369,0.147,0.1482,-0.0145,0.0012,0.0143,0.009750813
1330,10/1/1981,-2.922631571,-2.874653285,-2.07526617,-0.847365401,0.00207827,1.089085684,0.014897108,0.1354,0.1384,0.0829,0.003,0.0171,0.002145923
1331,11/1/1981,-2.953001852,-2.917065017,-2.109244141,-0.843757711,0.001504011,1.044455443,0.015672825,0.1086,0.122,0.141,0.0134,0.0217,0.003211991
1332,12/1/1981,-2.916914306,-2.94745103,-2.076752382,-0.840161924,0.000905838,1.061142857,0.011909673,0.1085,0.1334,-0.0713,0.0249,0.0232,0.003201708
1333,1/1/1982,-2.894700048,-2.912399625,-2.071058176,-0.823641872,0.002521891,1.065893698,0.010700506,0.1228,0.1415,0.0046,0.0187,0.0192,0.003191489
1334,2/1/1982,-2.827746922,-2.890205659,-2.020757362,-0.806989561,0.001918265,1.126287316,0.010506109,0.1348,0.1402,0.0182,0.0054,0.0191,0.003181336
1335,3/1/1982,-2.81305351,-2.823272642,-2.022839036,-0.790214474,0.001795198,1.185750574,0.005548433,0.1268,0.1387,0.0231,0.0119,0.0224,-0.001057083
1336,4/1/1982,-2.847833614,-2.80859916,-2.076580643,-0.771252971,0.001246807,1.149983498,0.002923686,0.127,0.1348,0.0373,0.0078,0.0232,0.004232804
1337,5/1/1982,-2.803449766,-2.843399017,-2.051359057,-0.752090709,0.000854807,1.190423896,-0.000958184,0.1209,0.1358,0.0034,0.0149,0.0238,0.009483667
1338,6/1/1982,-2.778536491,-2.799034748,-2.045801558,-0.732734934,0.001490294,1.201581417,0.00121303,0.1247,0.1412,-0.0223,0.0165,0.0211,0.012526096
1339,7/1/1982,-2.753326377,-2.776585385,-2.036993678,-0.716332699,0.000958581,1.206529805,-0.011551892,0.1135,0.1352,0.0501,0.0217,0.0219,0.005154639
1340,8/1/1982,-2.861094891,-2.751364443,-2.161394421,-0.69970047,0.006415949,1.082424471,-0.00285763,0.0868,0.1254,0.0781,0.0386,0.0261,0.002051282
1341,9/1/1982,-2.86673698,-2.859151398,-2.18386135,-0.68287563,0.00213126,1.088535565,0.000550709,0.0792,0.1183,0.0618,0.0391,0.0269,0.002047083
1342,10/1/1982,-2.970446999,-2.865759356,-2.311426698,-0.659020302,0.006125979,0.983745412,0.006557832,0.0771,0.1112,0.0634,0.0341,0.0261,0.003064351
1343,11/1/1982,-3.004970717,-2.9694849,-2.370318163,-0.634652554,0.005491651,0.938726811,0.000958155,0.0807,0.1125,-2.00E-04,0.0318,0.0262,-0.00203666
1344,12/1/1982,-3.019039328,-3.003994986,-2.409337045,-0.609702282,0.002490242,0.932214727,0.002990054,0.0794,0.1095,0.0312,0.0301,0.0231,-0.004081633
1345,1/1/1983,-3.049702382,-3.017105246,-2.447750112,-0.60195227,0.003280873,0.906944315,0.00219476,0.0786,0.1113,-0.0309,0.0327,0.0215,0.00204918
1346,2/1/1983,-3.066574561,-3.047757534,-2.472425096,-0.594149464,0.001911616,0.876849239,0.000355881,0.0811,0.106,0.0492,0.0249,0.0194,0.001022495
1347,3/1/1983,-3.097206812,-3.064647959,-2.510868373,-0.586338439,0.001571824,0.780067786,0.005993542,0.0835,0.1083,-0.0094,0.0248,0.0188,0
1348,4/1/1983,-3.16800836,-3.09576068,-2.578561225,-0.589447135,0.001423778,0.71888762,0.006626844,0.0821,0.1051,0.035,0.023,0.0178,0.007150153
1349,5/1/1983,-3.154141036,-3.166564317,-2.561611747,-0.592529289,0.001084624,0.734595577,0.010428913,0.0819,0.1112,-0.0386,0.0293,0.0163,0.006085193
1350,6/1/1983,-3.187316753,-3.152699075,-2.591715679,-0.595601074,0.001399148,0.721382042,0.015826551,0.0879,0.1119,0.0039,0.024,0.0163,0.003024194
1351,7/1/1983,-3.15086769,-3.184439053,-2.539518229,-0.611349462,0.002292858,0.735061123,0.025380209,0.0908,0.1198,-0.0486,0.029,0.0124,0.004020101
1352,8/1/1983,-3.159253566,-3.147998248,-2.532495711,-0.626757855,0.001369031,0.724822392,0.019474631,0.0934,0.121,0.002,0.0276,0.0113,0.003003003
1353,9/1/1983,-3.166499237,-3.156392334,-2.524645351,-0.641853886,0.001057274,0.714847583,0.023142101,0.09,0.1157,0.0505,0.0257,0.0118,0.00499002
1354,10/1/1983,-3.146932048,-3.16222268,-2.491226794,-0.655705254,0.001115354,0.719474372,0.024707395,0.0864,0.1188,-0.0132,0.0324,0.0121,0.002979146
1355,11/1/1983,-3.159949477,-3.142673702,-2.490690169,-0.669259308,0.000836286,0.690819893,0.026600632,0.0876,0.1176,0.0183,0.03,0.012,0.001980198
1356,12/1/1983,-3.146835801,-3.155709188,-2.464323247,-0.682512554,0.000528107,0.700359118,0.02702048,0.09,0.1197,-0.0059,0.0297,0.0118,0.000988142
1357,1/1/1984,-3.133354655,-3.142613416,-2.426260247,-0.707094408,0.000794619,0.722197644,0.03069926,0.089,0.118,0.0244,0.029,0.0145,0.005923001
1358,2/1/1984,-3.089515541,-3.129150023,-2.358628033,-0.730887509,0.002019467,0.763448031,0.026663092,0.0909,0.1217,-0.0178,0.0308,0.0151,0.004906771
1359,3/1/1984,-3.098736254,-3.085328515,-2.344800612,-0.753935643,0.001354587,0.762475427,0.02406674,0.0952,0.1253,-0.0156,0.0301,0.0142,0.001953125
1360,4/1/1984,-3.098174354,-3.092723725,-2.329928357,-0.768245997,0.00103554,0.758658979,0.022643862,0.0969,0.1284,-0.0105,0.0315,0.015,0.004873294
1361,5/1/1984,-3.030992987,-3.092183998,-2.248812974,-0.782180013,0.000933049,0.803910033,0.021473773,0.0983,0.1381,-0.0516,0.0398,0.0146,0.002909796
1362,6/1/1984,-3.042370427,-3.025051981,-2.246602458,-0.795767968,0.001675744,0.784351819,0.001264016,0.0987,0.1374,0.015,0.0387,0.015,0.002901354
1363,7/1/1984,-3.022600023,-3.039188081,-2.222634293,-0.79996573,0.000865665,0.796391938,-0.001902945,0.1012,0.1293,0.0693,0.0281,0.0171,0.003857281
1364,8/1/1984,-3.120464344,-3.01941418,-2.316358417,-0.804105927,0.003126833,0.72542838,-0.003137799,0.1047,0.127,0.0266,0.0223,0.0176,0.003842459
1365,9/1/1984,-3.113816378,-3.117302168,-2.305599868,-0.80821651,0.000943209,0.736050915,-0.009492547,0.1037,0.1235,0.0342,0.0198,0.0169,0.004784689
1366,10/1/1984,-3.107003951,-3.107064158,-2.303928641,-0.803075311,0.001291861,0.735642466,-0.01352848,0.0974,0.1173,0.0561,0.0199,0.0131,0.002857143
1367,11/1/1984,-3.085069375,-3.100297018,-2.287098588,-0.797970787,0.001020283,0.747051996,-0.021877207,0.0861,0.1169,0.0118,0.0308,0.0119,0
1368,12/1/1984,-3.100534865,-3.078407125,-2.307620471,-0.792914394,0.001190055,0.733098377,-0.027196787,0.0806,0.117,0.0091,0.0364,0.0127,0
1369,1/1/1985,-3.166270276,-3.094801003,-2.384108326,-0.78216195,0.001635854,0.690255446,-0.029905005,0.0776,0.1127,0.0364,0.0351,0.0118,0.001899335
1370,2/1/1985,-3.169202999,-3.160555975,-2.397805316,-0.771397683,0.000745303,0.691739161,-0.024518918,0.0827,0.1209,-0.0493,0.0382,0.011,0.004739337
1371,3/1/1985,-3.160604828,-3.163534221,-2.399945419,-0.760659409,0.000802261,0.723645779,-0.024815769,0.0852,0.1181,0.0307,0.0329,0.0113,0.003773585
1372,4/1/1985,-3.152520398,-3.157125249,-2.411331068,-0.741189329,0.000459898,0.72866159,-0.022411793,0.0795,0.1162,0.0242,0.0367,0.0128,0.004699248
1373,5/1/1985,-3.20170673,-3.149065849,-2.480222307,-0.721484423,0.000833861,0.696892984,-0.025480931,0.0748,0.1062,0.0896,0.0314,0.0143,0.003741815
1374,6/1/1985,-3.210312129,-3.198251154,-2.508802082,-0.701510047,0.000741523,0.686430144,-0.026607514,0.0695,0.1055,0.0142,0.036,0.0146,0.002795899
1375,7/1/1985,-3.201159707,-3.206019032,-2.512092468,-0.689067239,0.000718633,0.68032209,-0.024638663,0.0708,0.1091,-0.018,0.0383,0.0146,0.001858736
1376,8/1/1985,-3.184805085,-3.196872153,-2.508235563,-0.676569522,0.000629705,0.687176258,-0.024227473,0.0714,0.1068,0.0259,0.0354,0.0145,0.001855288
1377,9/1/1985,-3.145207317,-3.18054859,-2.481178984,-0.664028333,0.000865848,0.68995883,-0.031294354,0.071,0.1082,-0.0021,0.0372,0.0141,0.002777778
1378,10/1/1985,-3.184289648,-3.142659544,-2.536473925,-0.647815723,0.000911758,0.667025635,-0.027069342,0.0716,0.1051,0.0338,0.0335,0.0134,0.003693444
1379,11/1/1985,-3.244781024,-3.181748351,-2.613354005,-0.631427019,0.000943072,0.622703158,-0.027715873,0.0724,0.1011,0.0401,0.0287,0.0144,0.00275989
1380,12/1/1985,-3.286321509,-3.242246168,-2.671478042,-0.614843466,0.001230101,0.592692688,-0.019465082,0.071,0.0956,0.0541,0.0246,0.0142,0.002752294
1381,1/1/1986,-3.283634725,-3.281270993,-2.675897273,-0.607737451,0.001920144,0.5835174,-0.019171777,0.0707,0.0958,-0.0025,0.0251,0.0139,0.002744739
1382,2/1/1986,-3.347659121,-3.278609589,-2.747006539,-0.600652582,0.001089309,0.536376722,-0.017914257,0.0706,0.0841,0.1145,0.0135,0.0144,-0.002737226
1383,3/1/1986,-3.394106632,-3.342659111,-2.800518045,-0.593588588,0.001373753,0.519627628,-0.016419622,0.0656,0.0766,0.077,0.011,0.015,-0.004574565
1384,4/1/1986,-3.376533766,-3.390782985,-2.781918797,-0.594614969,0.002458975,0.529714459,-0.024584783,0.0606,0.0782,-0.008,0.0176,0.014,-0.001838235
1385,5/1/1986,-3.422242017,-3.373233515,-2.826589284,-0.595652733,0.001369939,0.503540771,-0.021871955,0.0615,0.0848,-0.0505,0.0233,0.012,0.002762431
1386,6/1/1986,-3.432951224,-3.418940276,-2.836287751,-0.596663473,0.001596568,0.499281457,-0.012293237,0.0621,0.079,0.0613,0.0169,0.0121,0.005509642
1387,7/1/1986,-3.367144647,-3.427619782,-2.772642933,-0.594501714,0.002415862,0.532301401,-0.011286033,0.0583,0.0809,-0.0108,0.0226,0.0128,0
1388,8/1/1986,-3.430601884,-3.361829264,-2.838262642,-0.592339243,0.001260621,0.497803344,-0.009676952,0.0553,0.0763,0.0499,0.021,0.0146,0.001826484
1389,9/1/1986,-3.336016019,-3.425326756,-2.745802168,-0.590213851,0.004207378,0.534629267,-0.00513866,0.0521,0.0827,-0.05,0.0306,0.0131,0.004557885
1390,10/1/1986,-3.387273134,-3.333988913,-2.807424082,-0.579849052,0.000990613,0.503245802,-0.008024504,0.0518,0.0803,0.0289,0.0285,0.0138,0.000907441
1391,11/1/1986,-3.406512017,-3.385262231,-2.83708851,-0.569423507,0.001730878,0.493671085,-0.002124438,0.0535,0.0779,0.0267,0.0244,0.0139,0.000906618
1392,12/1/1986,-3.37579699,-3.404493072,-2.816871572,-0.558925419,0.001262324,0.498430866,-0.011375999,0.0553,0.0789,-0.0018,0.0236,0.0148,0.000905797
1393,1/1/1987,-3.49716452,-3.373384444,-2.926477712,-0.570686808,0.002478285,0.437897351,-0.005840659,0.0543,0.0778,0.0161,0.0235,0.0136,0.006334842
1394,2/1/1987,-3.531015961,-3.49475778,-2.948766768,-0.582249193,0.001412264,0.424911983,-0.004505936,0.0559,0.0763,0.0202,0.0204,0.0127,0.003597122
1395,3/1/1987,-3.554662661,-3.528614999,-2.961031133,-0.593631527,0.001971102,0.428040214,-0.00221743,0.0559,0.0795,-0.0223,0.0236,0.0125,0.004480287
1396,4/1/1987,-3.535977994,-3.547494171,-2.96464204,-0.571335953,0.004193838,0.431471859,0.004493005,0.0564,0.0859,-0.0473,0.0295,0.0119,0.005352364
1397,5/1/1987,-3.534876518,-3.528860526,-2.986010637,-0.54886588,0.002489211,0.430490886,0.006940958,0.0566,0.088,-0.0105,0.0314,0.0118,0.003549246
1398,6/1/1987,-3.574611361,-3.52780935,-3.04841157,-0.526199791,0.001070387,0.407892397,0.005202462,0.0567,0.0877,0.0098,0.031,0.012,0.003536693
1399,7/1/1987,-3.616242109,-3.569145107,-3.062763491,-0.553478619,0.000818162,0.383543216,0.001882197,0.0569,0.0907,-0.0178,0.0338,0.0119,0.002643172
1400,8/1/1987,-3.64517889,-3.610817183,-3.065418446,-0.579760444,0.001776142,0.37045382,0.001997436,0.0604,0.0936,-0.0165,0.0332,0.0113,0.005272408
1401,9/1/1987,-3.615308733,-3.639771688,-3.01022324,-0.605085494,0.002534827,0.379966722,0.006350332,0.064,0.0992,-0.0369,0.0352,0.0113,0.005244755
1402,10/1/1987,-3.364123616,-3.609551665,-2.730905619,-0.633217997,0.070945104,0.494850843,0.01047774,0.0613,0.0926,0.0623,0.0313,0.011,0.002608696
1403,11/1/1987,-3.269186902,-3.358399502,-2.608920302,-0.6602666,0.00678551,0.538027324,0.00989844,0.0569,0.0931,0.0037,0.0362,0.0122,0.000867303
1404,12/1/1987,-3.333824731,-3.263495367,-2.64751129,-0.686313441,0.006852202,0.508812016,0.013274756,0.0577,0.092,0.0165,0.0343,0.0118,0
1405,1/1/1988,-3.368174187,-3.328537936,-2.666600093,-0.701574094,0.009157585,0.503773835,0.008422745,0.0581,0.0852,0.0666,0.0271,0.0119,0.002599653
1406,2/1/1988,-3.403893119,-3.362926427,-2.687427561,-0.716465557,0.001967352,0.476197372,0.008792264,0.0566,0.0854,0.0052,0.0288,0.0122,0.002592913
1407,3/1/1988,-3.364749729,-3.398661581,-2.633779459,-0.730970269,0.001659188,0.507529954,0.00608003,0.057,0.0901,-0.0307,0.0331,0.0118,0.004310345
1408,4/1/1988,-3.363759824,-3.354379109,-2.589402732,-0.774357092,0.003459579,0.49647449,0.005063672,0.0591,0.0929,-0.016,0.0338,0.0123,0.005150215
1409,5/1/1988,-3.356655734,-3.353484707,-2.541564193,-0.815091542,0.002555748,0.496770255,0.001347305,0.0626,0.0952,-0.0102,0.0326,0.0114,0.003415884
1410,6/1/1988,-3.388842573,-3.346495956,-2.535372806,-0.853469767,0.002361332,0.471118872,-0.005397921,0.0646,0.0917,0.0368,0.0271,0.0114,0.004255319
1411,7/1/1988,-3.375141022,-3.380567051,-2.513774609,-0.861366413,0.001910623,0.473991535,-0.002823128,0.0673,0.0947,-0.017,0.0274,0.0115,0.004237288
1412,8/1/1988,-3.327579249,-3.366944079,-2.458490523,-0.869088725,0.001390326,0.496640662,-0.006239752,0.0706,0.095,0.0058,0.0244,0.011,0.004219409
1413,9/1/1988,-3.358398746,-3.319438379,-2.481785491,-0.876613255,0.001192751,0.477540454,-0.010001514,0.0724,0.0917,0.0345,0.0193,0.0108,0.006722689
1414,10/1/1988,-3.37386177,-3.34822865,-2.492571177,-0.881290593,0.00163151,0.469597189,-0.010462473,0.0735,0.0889,0.0308,0.0154,0.009,0.003338898
1415,11/1/1988,-3.34473279,-3.363804423,-2.458869335,-0.885863456,0.001348001,0.47717911,-0.007764956,0.0776,0.0923,-0.0196,0.0147,0.0103,0.000831947
1416,12/1/1988,-3.349346127,-3.334765331,-2.459030881,-0.890315245,0.000628121,0.465283574,-0.021405748,0.0807,0.0918,0.011,0.0111,0.0108,0.00166251
1417,1/1/1989,-3.409162593,-3.340462625,-2.510892363,-0.89827023,0.000964584,0.430769494,-0.022360511,0.0827,0.0903,0.0203,0.0076,0.0103,0.004979253
1418,2/1/1989,-3.370986076,-3.400357314,-2.464957412,-0.906028664,0.00117607,0.446778457,-0.024823372,0.0853,0.0935,-0.0179,0.0082,0.0097,0.004128819
1419,3/1/1989,-3.382850093,-3.362257653,-2.469260038,-0.913590055,0.001286451,0.468691414,-0.023102134,0.0882,0.0929,0.0122,0.0047,0.0087,0.005756579
1420,4/1/1989,-3.419909014,-3.371033263,-2.51466825,-0.905240764,0.00095561,0.444435257,-0.022801967,0.0865,0.0918,0.0159,0.0053,0.0082,0.006541292
1421,5/1/1989,-3.442764537,-3.408230192,-2.545751017,-0.89701352,0.001073057,0.433441526,-0.028036254,0.0843,0.0878,0.0401,0.0035,0.0089,0.005686434
1422,6/1/1989,-3.423264348,-3.431220537,-2.534351157,-0.888913191,0.001429537,0.440562937,-0.023936641,0.0815,0.0821,0.055,0.0006,0.0093,0.002423263
1423,7/1/1989,-3.49624754,-3.411566065,-2.639461942,-0.856785598,0.001018823,0.404035089,-0.028525592,0.0788,0.0801,0.0238,0.0013,0.0094,0.002417405
1424,8/1/1989,-3.500082017,-3.484684526,-2.67571482,-0.824367197,0.001380458,0.39272706,-0.024811706,0.079,0.0841,-0.0259,0.0051,0.0092,0.001607717
1425,9/1/1989,-3.482085356,-3.48865118,-2.690448611,-0.791636744,0.000550205,0.39920975,-0.025736589,0.0775,0.0847,0.0019,0.0072,0.009,0.003210273
1426,10/1/1989,-3.446668638,-3.472166387,-2.676554438,-0.7701142,0.00563595,0.406414929,-0.02433982,0.0764,0.081,0.0379,0.0046,0.0089,0.0048
1427,11/1/1989,-3.453253082,-3.43684709,-2.704704551,-0.748548531,0.000844816,0.397225702,-0.027022111,0.0769,0.0808,0.0078,0.0039,0.0092,0.002388535
1428,12/1/1989,-3.464717746,-3.443527059,-2.737774552,-0.726943194,0.000923443,0.390454744,-0.012323107,0.0763,0.0816,-6.00E-04,0.0053,0.0096,0.001588562
1429,1/1/1990,-3.385516307,-3.456815985,-2.684119796,-0.701396511,0.002892101,0.414971396,-0.013791937,0.0764,0.0865,-0.0343,0.0101,0.0095,0.010309278
1430,2/1/1990,-3.386188106,-3.3776854,-2.710584368,-0.675603738,0.001008572,0.40917309,-0.011625709,0.0774,0.0876,-0.0025,0.0102,0.0092,0.004709576
1431,3/1/1990,-3.402374753,-3.37840921,-2.752840316,-0.649534437,0.001032254,0.471333956,-0.010275461,0.079,0.0889,-0.0044,0.0099,0.0084,0.00546875
1432,4/1/1990,-3.365010053,-3.392265221,-2.731913389,-0.633096664,0.000966789,0.480284256,-0.010132826,0.0777,0.0924,-0.0202,0.0147,0.0084,0.001554002
1433,5/1/1990,-3.443002613,-3.355001701,-2.82627817,-0.616724443,0.001361474,0.443569974,-0.001961175,0.0774,0.0883,0.0415,0.0109,0.0094,0.002327386
1434,6/1/1990,-3.424167413,-3.433093437,-2.823761478,-0.600405935,0.001350807,0.442949432,-0.00047416,0.0773,0.0864,0.023,0.0091,0.0096,0.005417957
1435,7/1/1990,-3.414055206,-3.419292067,-2.811026925,-0.603028281,0.001298437,0.439212447,0.004918902,0.0762,0.086,0.0107,0.0098,0.0096,0.003849115
1436,8/1/1990,-3.310140689,-3.409203514,-2.704522206,-0.605618483,0.005827787,0.488073563,0.001476804,0.0745,0.092,-0.0419,0.0175,0.01,0.009202454
1437,9/1/1990,-3.252771743,-3.305312421,-2.644594606,-0.608177137,0.001984821,0.520289666,0.001391613,0.0736,0.0914,0.0117,0.0178,0.0108,0.008358663
1438,10/1/1990,-3.238977839,-3.245698625,-2.64402425,-0.594953589,0.004492789,0.522451921,-0.00045175,0.0717,0.0898,0.0215,0.0181,0.0121,0.006028636
1439,11/1/1990,-3.290161239,-3.231954399,-2.708424239,-0.581737,0.002439904,0.498505655,0.00092778,0.0706,0.0858,0.0402,0.0152,0.0132,0.002247191
1440,12/1/1990,-3.307711341,-3.283186784,-2.739175853,-0.568535488,0.000794597,0.48449686,-0.001828469,0.0674,0.0844,0.0187,0.017,0.0138,0
1441,1/1/1991,-3.347728686,-3.307049637,-2.786120979,-0.561607708,0.003193592,0.4663078,0.000648772,0.0622,0.0837,0.013,0.0215,0.0141,0.005979073
1442,2/1/1991,-3.412181837,-3.34706742,-2.857545729,-0.554636108,0.002431299,0.442720441,0.001178977,0.0594,0.0841,0.003,0.0247,0.0124,0.001485884
1443,3/1/1991,-3.433480963,-3.411521008,-2.885851315,-0.547629648,0.001375058,0.4571256,0.003262045,0.0591,0.0844,0.0038,0.0253,0.0116,0.00148368
1444,4/1/1991,-3.432812192,-3.432465789,-2.910854515,-0.521957677,0.002072789,0.461239599,0.005740771,0.0565,0.0837,0.014,0.0272,0.0108,0.001481482
1445,5/1/1991,-3.46964163,-3.431789807,-2.973986495,-0.495655135,0.001585206,0.439966969,0.006798781,0.0546,0.0845,0,0.0299,0.01,0.00295858
1446,6/1/1991,-3.419551011,-3.468628521,-2.950844839,-0.468706171,0.001179879,0.458243743,0.014082172,0.0557,0.086,-0.0063,0.0303,0.0095,0.002949853
1447,7/1/1991,-3.459924196,-3.416041904,-3.022412368,-0.437511828,0.001105341,0.440356782,0.014676843,0.0558,0.085,0.0157,0.0292,0.0089,0.001470588
1448,8/1/1991,-3.475893786,-3.456435535,-3.070344206,-0.40554958,0.002037667,0.437639637,0.017176133,0.0533,0.0818,0.034,0.0285,0.009,0.002936858
1449,9/1/1991,-3.453079776,-3.472409107,-3.080323028,-0.372756748,0.00047469,0.441531837,0.022991536,0.0522,0.079,0.0303,0.0268,0.009,0.004392387
1450,10/1/1991,-3.466827055,-3.455036883,-3.127333395,-0.33949366,0.001125638,0.434003454,0.025218487,0.0499,0.0791,0.0054,0.0292,0.0094,0.001457726
1451,11/1/1991,-3.423865899,-3.468788,-3.118911351,-0.304954548,0.002049026,0.46015449,0.030383515,0.0456,0.0789,0.0082,0.0333,0.0097,0.002911208
1452,12/1/1991,-3.531620203,-3.425830697,-3.262590064,-0.269030139,0.002049522,0.420344417,0.031537729,0.0407,0.073,0.0581,0.0323,0.0095,0.000725689
1453,1/1/1992,-3.508222728,-3.528323177,-3.23791026,-0.270312468,0.000872455,0.413229679,0.031664925,0.038,0.0776,-0.0324,0.0396,0.0093,0.001450326
1454,2/1/1992,-3.514447756,-3.504928396,-3.242864935,-0.271582821,0.000913236,0.407630525,0.033284242,0.0384,0.0777,0.0051,0.0393,0.0094,0.003620565
1455,3/1/1992,-3.489098676,-3.511172356,-3.216253489,-0.272845187,0.00046976,0.402106034,0.041628264,0.0404,0.0797,-0.0094,0.0393,0.009,0.005050505
1456,4/1/1992,-3.516714941,-3.489204167,-3.226210769,-0.290504172,0.001661052,0.387303472,0.038393921,0.0375,0.0803,0.0016,0.0428,0.0088,0.00143575
1457,5/1/1992,-3.517792066,-3.516828559,-3.209929565,-0.307862501,0.000690033,0.382998516,0.037081356,0.0363,0.0781,0.0243,0.0418,0.0085,0.001433692
1458,6/1/1992,-3.500386295,-3.51789758,-3.175460049,-0.324926246,0.000752919,0.392042354,0.042936625,0.0366,0.0765,0.02,0.0399,0.0083,0.003579098
1459,7/1/1992,-3.536977493,-3.49835913,-3.194908496,-0.342068997,0.000897481,0.3833487,0.041361011,0.0321,0.0726,0.0398,0.0405,0.0077,0.0021398
1460,8/1/1992,-3.510664249,-3.534954429,-3.151808983,-0.358855265,0.000369559,0.399405037,0.042827463,0.0313,0.0725,0.0067,0.0412,0.007,0.002846975
1461,9/1/1992,-3.517709684,-3.508645269,-3.142411334,-0.375298349,0.000872212,0.397656972,0.041134984,0.0291,0.071,0.0185,0.0419,0.007,0.002838893
1462,10/1/1992,-3.520080011,-3.517975955,-3.125299866,-0.394780145,0.000944149,0.403251178,0.04097304,0.0286,0.0741,-0.0198,0.0455,0.0085,0.00353857
1463,11/1/1992,-3.550167347,-3.520354426,-3.136259549,-0.413907798,0.0005081,0.393626459,0.037870724,0.0313,0.0748,0.001,0.0435,0.0086,0.001410437
1464,12/1/1992,-3.560490821,-3.550433763,-3.127812247,-0.432678575,0.00047154,0.394109614,0.03871373,0.0322,0.0726,0.0246,0.0404,0.0083,-0.000704225
1465,1/1/1993,-3.564988023,-3.557966759,-3.121822658,-0.443165365,0.000348846,0.393048105,0.041639223,0.03,0.0725,0.028,0.0425,0.0076,0.004933051
1466,2/1/1993,-3.572891323,-3.562462282,-3.119407958,-0.453483365,0.001146872,0.385960197,0.040615568,0.0293,0.0698,0.0354,0.0405,0.0068,0.003506311
1467,3/1/1993,-3.588904593,-3.570379959,-3.125251723,-0.46365287,0.001004723,0.333613526,0.036995019,0.0295,0.0702,0.0021,0.0407,0.0057,0.00349406
1468,4/1/1993,-3.561981935,-3.587727307,-3.108111819,-0.453870115,0.001004798,0.334349806,0.039700073,0.0287,0.0701,0.0072,0.0414,0.0068,0.002785515
1469,5/1/1993,-3.583277292,-3.560814028,-3.13925525,-0.444022042,0.000817304,0.324882422,0.040144274,0.0296,0.0701,0.0047,0.0405,0.0078,0.001388889
1470,6/1/1993,-3.582857714,-3.582102762,-3.148766374,-0.43409134,0.000573817,0.325931248,0.041047893,0.0307,0.0668,0.0449,0.0361,0.0074,0.001386963
1471,7/1/1993,-3.57762023,-3.582961528,-3.124972476,-0.452647753,0.000608962,0.323777031,0.040900205,0.0304,0.0656,0.0191,0.0352,0.0076,0
1472,8/1/1993,-3.611584499,-3.577732042,-3.140706673,-0.470877827,0.000281578,0.313864983,0.040165971,0.0302,0.0623,0.0434,0.0321,0.0075,0.002770083
1473,9/1/1993,-3.601650203,-3.611688336,-3.112872716,-0.488777487,0.000470665,0.322351822,0.04174737,0.0295,0.0627,5.00E-04,0.0332,0.0068,0.002071823
1474,10/1/1993,-3.619317022,-3.600109733,-3.108197941,-0.511119081,0.000314205,0.311362833,0.040380917,0.0302,0.0623,0.0096,0.0321,0.0064,0.004135079
1475,11/1/1993,-3.604776219,-3.617770959,-3.071873538,-0.532902681,0.000576328,0.311079411,0.043853595,0.031,0.0651,-0.0259,0.0341,0.0073,0.000686342
1476,12/1/1993,-3.613281084,-3.603240493,-3.059120922,-0.554160162,0.000269686,0.305267223,0.045746805,0.0306,0.0654,0.002,0.0348,0.0076,0
1477,1/1/1994,-3.641828029,-3.609844205,-3.07869689,-0.563131139,0.000423486,0.288058567,0.043688823,0.0298,0.0637,0.0257,0.0339,0.0073,0.002743484
1478,2/1/1994,-3.607889366,-3.638395025,-3.035930988,-0.571958378,0.001026088,0.299058821,0.045059994,0.0325,0.0682,-0.045,0.0357,0.0068,0.003419973
1479,3/1/1994,-3.557650101,-3.604475976,-2.976997768,-0.580652333,0.000892131,0.307483805,0.041915421,0.035,0.0725,-0.0395,0.0375,0.0065,0.003408316
1480,4/1/1994,-3.565760021,-3.554295382,-2.952566661,-0.61319336,0.001373677,0.303664786,0.03986253,0.0368,0.0745,-0.015,0.0377,0.0064,0.001358696
1481,5/1/1994,-3.574767178,-3.562424336,-2.930257738,-0.64450944,0.000750498,0.297469476,0.039657323,0.0414,0.0759,-0.0082,0.0345,0.0063,0.000678426
1482,6/1/1994,-3.544256671,-3.571434791,-2.869588491,-0.67466818,0.000797104,0.308417077,0.034010352,0.0414,0.0774,-0.01,0.036,0.0068,0.003389831
1483,7/1/1994,-3.572958854,-3.541976453,-2.872785892,-0.700172962,0.00032727,0.296985381,0.031220225,0.0433,0.0746,0.0363,0.0313,0.0069,0.002702703
1484,8/1/1994,-3.607628062,-3.570676067,-2.882704069,-0.724923993,0.000560379,0.285683819,0.028715033,0.0448,0.0761,-0.0086,0.0313,0.0067,0.004043127
1485,9/1/1994,-3.578091838,-3.605358212,-2.829115508,-0.74897633,0.000801876,0.290904659,0.029013377,0.0462,0.08,-0.0331,0.0338,0.0064,0.002684564
1486,10/1/1994,-3.59236327,-3.571743541,-2.810627114,-0.781736156,0.001158422,0.286071274,0.026009668,0.0495,0.0809,-0.0025,0.0314,0.0063,0.000669344
1487,11/1/1994,-3.545741288,-3.586047378,-2.732684956,-0.813056331,0.000836383,0.298992614,0.022924616,0.0529,0.0808,0.0066,0.0279,0.0064,0.001337793
1488,12/1/1994,-3.551696757,-3.53947263,-2.708638263,-0.843058493,0.000704927,0.2915683,0.016595794,0.056,0.0799,0.0161,0.0239,0.0064,0
1489,1/1/1995,-3.575684397,-3.551696757,-2.711606537,-0.86407786,0.000289389,0.290853734,0.015094079,0.0571,0.078,0.0273,0.0209,0.0062,0.004008016
1490,2/1/1995,-3.611123108,-3.575684397,-2.726458614,-0.884664494,0.000472432,0.278730036,0.014533252,0.0577,0.0758,0.0287,0.0181,0.0059,0.003992016
1491,3/1/1995,-3.638085575,-3.611123108,-2.733249723,-0.904835853,0.000484319,0.313876542,0.014397817,0.0573,0.0755,0.0091,0.0182,0.0058,0.003313453
1492,4/1/1995,-3.660837029,-3.633260485,-2.741755813,-0.919081216,0.000256928,0.301994701,0.013013097,0.0565,0.0745,0.0169,0.018,0.0057,0.00330251
1493,5/1/1995,-3.691710605,-3.656042628,-2.758713181,-0.932997424,0.001011447,0.292264254,0.010737733,0.0567,0.0677,0.079,0.011,0.0055,0.001974984
1494,6/1/1995,-3.707986958,-3.686931596,-2.761398696,-0.946588262,0.000696799,0.286429618,0.008267917,0.0547,0.067,0.0139,0.0123,0.006,0.001971091
1495,7/1/1995,-3.733946352,-3.70266472,-2.785445454,-0.948500898,0.000773225,0.277160367,0.007059424,0.0542,0.0691,-0.0168,0.0149,0.0063,0
1496,8/1/1995,-3.728324582,-3.728644884,-2.777942245,-0.950382337,0.000206741,0.283046135,0.009120206,0.054,0.0674,0.0236,0.0134,0.0062,0.002622951
1497,9/1/1995,-3.762372925,-3.723058438,-2.810125052,-0.952247873,0.00038146,0.272494998,0.006377414,0.0528,0.0663,0.0175,0.0135,0.0061,0.001962067
1498,10/1/1995,-3.752164534,-3.757156353,-2.816761121,-0.935403413,0.000487822,0.274420245,0.01222081,0.0528,0.0641,0.0294,0.0113,0.0063,0.003263708
1499,11/1/1995,-3.787203902,-3.746975032,-2.868751769,-0.918452133,0.000546172,0.257168852,0.016872526,0.0536,0.0623,0.0249,0.0087,0.0066,-0.000650618
1500,12/1/1995,-3.799334672,-3.782041193,-2.897949959,-0.901384713,0.000820543,0.255026383,0.015526847,0.0514,0.0603,0.0272,0.0089,0.0067,-0.000651042
1501,1/1/1996,-3.8238233,-3.791726611,-2.929260738,-0.894562562,0.001383944,0.241877172,0.016131245,0.05,0.0609,-0.0011,0.0109,0.0066,0.005863192
1502,2/1/1996,-3.823175358,-3.816265541,-2.935388201,-0.887787156,0.001267622,0.237894737,0.01680582,0.0483,0.0659,-0.0483,0.0176,0.0064,0.003238342
1503,3/1/1996,-3.823566765,-3.815681381,-2.942488907,-0.881077859,0.001741708,0.239299615,0.016895957,0.0496,0.0684,-0.021,0.0188,0.0068,0.005164622
1504,4/1/1996,-3.832924982,-3.819582936,-2.947347649,-0.885577333,0.000981834,0.240075806,0.021130724,0.0495,0.0706,-0.0165,0.0211,0.0069,0.003853565
1505,5/1/1996,-3.851546086,-3.828949927,-2.961531866,-0.89001422,0.00112531,0.236923516,0.026397881,0.0502,0.0717,-0.0054,0.0215,0.0068,0.001919386
1506,6/1/1996,-3.849847928,-3.847593776,-2.955444248,-0.89440368,0.000394793,0.236443725,0.027195609,0.0509,0.0703,0.0203,0.0194,0.0069,0.00063857
1507,7/1/1996,-3.793932701,-3.840760222,-2.898263744,-0.895668957,0.002355153,0.241819894,0.031114168,0.0515,0.0707,0.0018,0.0192,0.007,0.001914486
1508,8/1/1996,-3.803559134,-3.784919958,-2.906653219,-0.896905915,0.001121505,0.238061118,0.030865816,0.0505,0.0726,-0.0139,0.0221,0.0072,0.001910828
1509,9/1/1996,-3.847389917,-3.794633714,-2.949266489,-0.898123428,0.000686235,0.227297318,0.029555532,0.0509,0.0704,0.029,0.0195,0.0069,0.00317864
1510,10/1/1996,-3.867859796,-3.842064515,-2.950098191,-0.917761604,0.000606628,0.221747656,0.025627683,0.0499,0.0671,0.0404,0.0172,0.0068,0.003168568
1511,11/1/1996,-3.933364821,-3.862555856,-2.99655161,-0.936813211,0.000703722,0.205007919,0.022040693,0.0503,0.0643,0.0351,0.014,0.0069,0.001895136
1512,12/1/1996,-3.90635559,-3.928095577,-2.951035193,-0.955320397,0.001709075,0.20734273,0.024100872,0.0491,0.0673,-0.0256,0.0182,0.0069,0
1513,1/1/1997,-3.9622952,-3.902784552,-2.997634458,-0.964660742,0.001360087,0.196240103,0.024380134,0.0503,0.0689,-0.0079,0.0186,0.0067,0.003152585
1514,2/1/1997,-3.964640253,-3.958730205,-2.990795188,-0.973845065,0.00147476,0.194395411,0.022885146,0.0501,0.0694,5.00E-04,0.0193,0.0063,0.003142678
1515,3/1/1997,-3.917545942,-3.961094563,-2.934660236,-0.982885707,0.002001484,0.214780202,0.021119839,0.0514,0.0723,-0.0252,0.0209,0.0063,0.002506266
1516,4/1/1997,-3.972054266,-3.915290701,-2.988859993,-0.983194274,0.003005057,0.201741048,0.016916109,0.0516,0.0705,0.0255,0.0189,0.0061,0.00125
1517,5/1/1997,-4.026729543,-3.9698041,-3.043225712,-0.983503831,0.00200742,0.192878588,0.013265385,0.0505,0.0701,0.0097,0.0196,0.0062,-0.00062422
1518,6/1/1997,-4.067019483,-4.024484429,-3.083210044,-0.983809439,0.001974443,0.184287615,0.010847478,0.0493,0.0688,0.0195,0.0195,0.0061,0.001249219
1519,7/1/1997,-4.138468957,-4.063247174,-3.157692274,-0.980776683,0.002010166,0.171964943,0.011607854,0.0505,0.0637,0.0626,0.0132,0.0061,0.001247661
1520,8/1/1997,-4.07554237,-4.134704278,-3.097791359,-0.977751011,0.002464728,0.185505404,0.012892189,0.0514,0.0672,-0.0317,0.0158,0.006,0.001869159
1521,9/1/1997,-4.123587352,-4.071798333,-3.148841917,-0.974745435,0.002626512,0.177967857,0.014650639,0.0495,0.0649,0.0316,0.0154,0.0055,0.002487562
1522,10/1/1997,-4.084940189,-4.120026231,-3.121331248,-0.963608941,0.009363708,0.190000677,0.016280535,0.0497,0.0623,0.0341,0.0126,0.0057,0.00248139
1523,11/1/1997,-4.125019604,-4.081398181,-3.17258337,-0.952436234,0.00266212,0.180746299,0.01568624,0.0514,0.0614,0.0148,0.01,0.0055,-0.000618812
1524,12/1/1997,-4.137092815,-4.121483644,-3.195884433,-0.941208382,0.002249391,0.178800884,0.015578728,0.0516,0.0602,0.0184,0.0086,0.0056,-0.00123839
1525,1/1/1998,-4.144099202,-4.134000229,-3.207495122,-0.93660408,0.00246889,0.178840273,0.013758161,0.0504,0.0589,0.02,0.0085,0.0058,0.001859888
1526,2/1/1998,-4.209094578,-4.14101615,-3.277087556,-0.932007023,0.001053364,0.165463097,0.012073518,0.0509,0.0599,-0.0072,0.009,0.0058,0.001856436
1527,3/1/1998,-4.254759432,-4.206021002,-3.327342286,-0.927417146,0.001136788,0.181140396,0.016505113,0.0503,0.0602,0.0025,0.0099,0.006,0.001852996
1528,4/1/1998,-4.257231289,-4.248195763,-3.341194655,-0.916036635,0.001614758,0.175872922,0.016426219,0.0495,0.0604,0.0026,0.0109,0.0064,0.001849568
1529,5/1/1998,-4.231704778,-4.250710421,-3.327029168,-0.90467561,0.000958824,0.179102206,0.019098069,0.05,0.0592,0.0182,0.0092,0.0061,0.001846154
1530,6/1/1998,-4.263906552,-4.225226157,-3.370573262,-0.89333329,0.00209733,0.178060606,0.024030588,0.0498,0.0576,0.0228,0.0078,0.006,0.001228501
1531,7/1/1998,-4.248199927,-4.259883308,-3.366444648,-0.881755278,0.002228143,0.179438109,0.025362287,0.0496,0.0584,-0.004,0.0088,0.006,0.001226994
1532,8/1/1998,-4.086600515,-4.244186585,-3.21647346,-0.870127054,0.009334017,0.211432092,0.028529674,0.049,0.0547,0.0465,0.0057,0.0062,0.00122549
1533,9/1/1998,-4.14313571,-4.08260941,-3.284670448,-0.858465261,0.009970951,0.203248404,0.024092522,0.0461,0.0517,0.0395,0.0056,0.0069,0.00122399
1534,10/1/1998,-4.219298019,-4.142064612,-3.365235733,-0.854062286,0.005171595,0.185519077,0.020749215,0.0396,0.054,-0.0218,0.0144,0.0081,0.002444988
1535,11/1/1998,-4.275665958,-4.218221886,-3.426020177,-0.84964578,0.001936735,0.174846845,0.022012342,0.0441,0.0535,0.0097,0.0094,0.0093,0
1536,12/1/1998,-4.329440683,-4.274597156,-3.484217925,-0.845222759,0.003286907,0.173611315,0.020063255,0.0439,0.0542,-0.0032,0.0103,0.0101,-0.000609756
1537,1/1/1999,-4.364415134,-4.324224303,-3.518504713,-0.845910421,0.003335623,0.170320619,0.015593995,0.0434,0.0536,0.0121,0.0102,0.0105,0.002440513
1538,2/1/1999,-4.326416844,-4.359231935,-3.479817612,-0.846599232,0.00348213,0.17127681,0.018454372,0.0444,0.0587,-0.052,0.0143,0.0099,0.001217286
1539,3/1/1999,-4.359314892,-4.321254292,-3.512043087,-0.847271805,0.003213553,0.172897171,0.02067722,0.0444,0.0592,-8.00E-04,0.0148,0.0091,0.003039514
1540,4/1/1999,-4.396574946,-4.359333131,-3.526615204,-0.869959742,0.002726647,0.156825876,0.025189138,0.0429,0.0594,0.0021,0.0165,0.0084,0.007272727
1541,5/1/1999,-4.371311799,-4.396599265,-3.479160584,-0.892151215,0.003085638,0.160231135,0.025905064,0.045,0.0615,-0.0185,0.0165,0.0079,0
1542,6/1/1999,-4.424338278,-4.371330038,-3.510482414,-0.913855863,0.002409247,0.154227447,0.018875065,0.0457,0.0627,-0.0078,0.017,0.0079,0
1543,7/1/1999,-4.387865794,-4.420436609,-3.454301734,-0.933564061,0.001611182,0.158796473,0.0194362,0.0455,0.0639,-0.0077,0.0184,0.0076,0.003008424
1544,8/1/1999,-4.377699478,-4.383973257,-3.424962682,-0.952736796,0.002729877,0.156243027,0.018954018,0.0472,0.0649,-0.0053,0.0177,0.0075,0.00239952
1545,9/1/1999,-4.344860777,-4.373828044,-3.373450177,-0.9714106,0.002704945,0.163684498,0.020456807,0.0468,0.0646,0.0084,0.0178,0.0081,0.004787552
1546,10/1/1999,-4.404501492,-4.343839725,-3.402688665,-1.001812827,0.004875934,0.157690661,0.020519034,0.0486,0.0651,-0.0012,0.0165,0.0083,0.001786778
1547,11/1/1999,-4.422363954,-4.403481481,-3.391103135,-1.031260819,0.001354258,0.155545967,0.018352755,0.0507,0.0662,-0.0061,0.0155,0.0079,0.00059453
1548,12/1/1999,-4.477577783,-4.421344983,-3.417770925,-1.059806858,0.001148772,0.147167259,0.017960236,0.052,0.0682,-0.0155,0.0162,0.0064,0
1549,1/1/2000,-4.423938055,-4.476182878,-3.3464707,-1.077467355,0.005206354,0.15465416,0.025434163,0.0532,0.0666,0.0228,0.0134,0.0055,0.002970885
1550,2/1/2000,-4.402226056,-4.422539119,-3.307460563,-1.094765493,0.003000422,0.167056433,0.027497276,0.0555,0.0646,0.0264,0.0091,0.0061,0.005924171
1551,3/1/2000,-4.493158852,-4.40083504,-3.381428512,-1.11173034,0.00667834,0.149973562,0.018361895,0.0569,0.0618,0.0367,0.0049,0.0069,0.008244994
1552,4/1/2000,-4.463030952,-4.49431093,-3.343823146,-1.119207806,0.007941721,0.152600418,0.012023318,0.0566,0.063,-0.0076,0.0064,0.0076,0.000584112
1553,5/1/2000,-4.44203164,-4.464190338,-3.31537688,-1.12665476,0.005185498,0.155668731,0.009257828,0.0579,0.064,-0.0054,0.0061,0.0091,0.001167542
1554,6/1/2000,-4.466838016,-4.443186385,-3.332782155,-1.134055861,0.002359743,0.156777962,0.007202676,0.0569,0.0622,0.0244,0.0053,0.0081,0.005247813
1555,7/1/2000,-4.457511302,-4.473987555,-3.304943504,-1.152567798,0.002065471,0.155674151,0.004733518,0.0596,0.0611,0.0173,0.0015,0.007,0.002320186
1556,8/1/2000,-4.523640483,-4.464712326,-3.352635035,-1.171005448,0.001039275,0.146053064,0.004689216,0.0609,0.0594,0.024,-0.0015,0.0071,0
1557,9/1/2000,-4.475927445,-4.530893738,-3.286558838,-1.189368607,0.001599983,0.153789463,0.004483647,0.06,0.0612,-0.0157,0.0012,0.0073,0.005208333
1558,10/1/2000,-4.472514544,-4.477476329,-3.304831372,-1.167683172,0.005568073,0.149300789,0.003757727,0.0611,0.06,0.0187,-0.0011,0.0079,0.001727116
1559,11/1/2000,-4.390615833,-4.474071967,-3.24516421,-1.145451623,0.003272437,0.157280893,0.001169294,0.0617,0.0576,0.0319,-0.0041,0.0083,0.000574713
1560,12/1/2000,-4.396214732,-4.392169539,-3.273576109,-1.122638623,0.005299359,0.151851504,-0.002250628,0.0577,0.0558,0.0243,-0.0019,0.0081,-0.000574383
1561,1/1/2001,-4.43638656,-4.402336313,-3.338498019,-1.097888541,0.004941048,0.150449666,-0.003181855,0.0515,0.0562,5.00E-04,0.0047,0.0078,0.006321839
1562,2/1/2001,-4.345720977,-4.442552067,-3.273522095,-1.072198882,0.002528447,0.156070091,-0.006844705,0.0488,0.0549,0.0191,0.0061,0.0077,0.003997716
1563,3/1/2001,-4.28555993,-4.351918474,-3.240066952,-1.045492978,0.007139632,0.133113551,-0.005200218,0.0442,0.0559,-0.0074,0.0117,0.0086,0.002275313
1564,4/1/2001,-4.365576321,-4.29156931,-3.379629433,-0.985946888,0.00742621,0.122496901,-0.002542961,0.0387,0.0593,-0.0313,0.0206,0.0087,0.003972758
1565,5/1/2001,-4.376692984,-4.371615696,-3.454865607,-0.921827376,0.002536247,0.120510188,-0.000248912,0.0362,0.0594,0.0037,0.0232,0.0078,0.004522329
1566,6/1/2001,-4.357453947,-4.38277543,-3.504996472,-0.852457474,0.001508369,0.125209433,0.005047094,0.0349,0.059,0.0085,0.0241,0.0079,0.001688239
1567,7/1/2001,-4.345558979,-4.356389869,-3.574111121,-0.771447858,0.002899595,0.124966583,0.007914946,0.0351,0.0561,0.0376,0.021,0.0084,-0.002808989
1568,8/1/2001,-4.278246789,-4.344502394,-3.594748858,-0.683497931,0.002221486,0.132164144,0.00991962,0.0336,0.0546,0.0206,0.021,0.0083,0
1569,9/1/2001,-4.191928349,-4.277184964,-3.604664331,-0.587264018,0.007167587,0.148628588,0.008667955,0.0264,0.0542,0.0081,0.0278,0.0086,0.004507042
1570,10/1/2001,-4.209782928,-4.191845739,-3.666161127,-0.543621801,0.003249758,0.1449014,0.010749105,0.0216,0.0506,0.0464,0.029,0.0088,-0.003365115
1571,11/1/2001,-4.282178321,-4.209693971,-3.784185421,-0.4979929,0.002189351,0.133481367,0.011161655,0.0187,0.0553,-0.0471,0.0366,0.0084,-0.001688239
1572,12/1/2001,-4.289641018,-4.282095726,-3.839447958,-0.45019306,0.001797955,0.131217846,0.013466976,0.0169,0.0575,-0.0183,0.0406,0.0128,-0.003945885
1573,1/1/2002,-4.274154323,-4.289850697,-3.823617935,-0.450536388,0.002183889,0.132560549,0.011193753,0.0165,0.0569,0.0138,0.0404,0.0132,0.002263724
1574,2/1/2002,-4.253385515,-4.274370402,-3.802495369,-0.450890146,0.002567832,0.130119086,0.012501845,0.0173,0.0563,0.0115,0.039,0.0138,0.003952569
1575,3/1/2002,-4.28967536,-4.253595283,-3.838441833,-0.451233527,0.002014824,0.236833402,0.013761769,0.0179,0.0604,-0.0436,0.0425,0.013,0.005624297
1576,4/1/2002,-4.219764024,-4.283148707,-3.747898932,-0.471865093,0.002319717,0.247732313,0.015110701,0.0172,0.0575,0.041,0.0403,0.0127,0.005592841
1577,5/1/2002,-4.204156751,-4.213279693,-3.71233588,-0.491820871,0.004101625,0.248255614,0.022285721,0.0173,0.0578,0.0015,0.0405,0.0134,0
1578,6/1/2002,-4.122489749,-4.197714195,-3.611352434,-0.511137315,0.003707969,0.266572502,0.027526749,0.017,0.0566,0.0187,0.0396,0.0132,0.000556174
1579,7/1/2002,-4.045200303,-4.127490072,-3.488749401,-0.556450902,0.015342791,0.282032195,0.028450604,0.0168,0.0544,0.0303,0.0376,0.0137,0.001111729
1580,8/1/2002,-4.055095299,-4.050225755,-3.45486806,-0.60022724,0.009409278,0.284411556,0.024714562,0.0162,0.051,0.0464,0.0348,0.0121,0.003331483
1581,9/1/2002,-3.943597231,-4.060146134,-3.301014051,-0.64258318,0.007366061,0.324555156,0.029245084,0.0163,0.048,0.0417,0.0317,0.0125,0.00166021
1582,10/1/2002,-4.020712001,-3.937809846,-3.411479697,-0.609232304,0.011589679,0.293437064,0.025638996,0.0158,0.0508,-0.0294,0.035,0.0141,0.001657459
1583,11/1/2002,-4.070464758,-4.014964174,-3.495321585,-0.575143173,0.004449081,0.276975499,0.022876054,0.0123,0.0521,-0.0122,0.0398,0.0131,0
1584,12/1/2002,-4.002514281,-4.064743558,-3.462263953,-0.540250328,0.00263948,0.295385896,0.025698438,0.0119,0.0484,0.0507,0.0365,0.0124,-0.002206288
1585,1/1/2003,-3.971611002,-3.999408496,-3.40201576,-0.569595242,0.005167513,0.305942307,0.028253968,0.0117,0.0495,-0.0106,0.0378,0.0118,0.004422333
1586,2/1/2003,-3.951364988,-3.968514833,-3.353435251,-0.597929738,0.00256416,0.312251321,0.027871909,0.0117,0.0472,0.0329,0.0355,0.0111,0.007705008
1587,3/1/2003,-3.95660125,-3.948278376,-3.331285317,-0.625315933,0.006136133,0.286117701,0.024058038,0.0113,0.0486,-0.0135,0.0373,0.0106,0.006007646
1588,4/1/2003,-4.035743588,-3.957816238,-3.363757622,-0.671985966,0.003064828,0.269654031,0.019930242,0.0113,0.0481,0.0102,0.0368,0.0111,-0.002171553
1589,5/1/2003,-4.086599541,-4.036953876,-3.369924881,-0.71667466,0.002228351,0.258375506,0.00640597,0.0107,0.0436,0.0592,0.0329,0.0116,-0.001632209
1590,6/1/2003,-4.099086369,-4.087817482,-3.33952723,-0.759559139,0.001997741,0.254488337,0.001217633,0.0092,0.0452,-0.0154,0.036,0.0122,0.001089918
1591,7/1/2003,-4.106527817,-4.090444572,-3.317467377,-0.78906044,0.002046059,0.247643335,0.000229185,0.009,0.0542,-0.0982,0.0452,0.0113,0.001088732
1592,8/1/2003,-4.115669324,-4.097953981,-3.298438535,-0.817230789,0.000966025,0.242856073,0.002913359,0.0095,0.0532,0.0166,0.0437,0.0113,0.003806417
1593,9/1/2003,-4.095158171,-4.107174403,-3.250983129,-0.844175041,0.001869122,0.246541783,0.00732099,0.0094,0.049,0.0546,0.0396,0.0107,0.003250271
1594,10/1/2003,-4.132734259,-4.079229991,-3.220344958,-0.912389301,0.001407576,0.233308967,0.007210168,0.0092,0.0518,-0.0283,0.0426,0.0103,-0.001079914
1595,11/1/2003,-4.124153197,-4.117049972,-3.149841689,-0.974311508,0.000919633,0.233754152,0.01000054,0.0093,0.0519,-0.0027,0.0426,0.0101,-0.002702703
1596,12/1/2003,-4.158235764,-4.108716865,-3.127343482,-1.030892283,0.000893699,0.218739865,0.006945692,0.009,0.0511,0.0139,0.0421,0.0098,-0.001084011
1597,1/1/2004,-4.163187153,-4.146058271,-3.122421427,-1.040765726,0.000978819,0.218027721,0.006842047,0.0088,0.0499,0.0187,0.0411,0.009,0.004883342
1598,2/1/2004,-4.163291269,-4.151156168,-3.112983327,-1.050307942,0.000610712,0.21605322,0.009327808,0.0093,0.0483,0.023,0.039,0.0077,0.005399568
1599,3/1/2004,-4.134909089,-4.15140331,-3.075369574,-1.059539515,0.001981263,0.281731466,0.012245885,0.0094,0.0474,0.0141,0.038,0.0078,0.006444683
1600,4/1/2004,-4.107341143,-4.124274536,-3.032181936,-1.075159207,0.001230928,0.285371867,0.013729961,0.0094,0.0531,-0.0588,0.0437,0.0073,0.003201708
1601,5/1/2004,-4.108834951,-4.096823927,-3.018608578,-1.090226373,0.000977626,0.286411574,0.015145879,0.0102,0.0539,-0.0051,0.0437,0.0071,0.005851064
1602,6/1/2004,-4.11625101,-4.098421821,-3.011493431,-1.104757579,0.000770751,0.279631603,0.014497426,0.0127,0.0532,0.0121,0.0405,0.0077,0.003172924
1603,7/1/2004,-4.071356282,-4.10624852,-2.967030046,-1.104326236,0.000777089,0.28778831,0.01472573,0.0133,0.0523,0.0155,0.039,0.008,-0.001581444
1604,8/1/2004,-4.063737572,-4.061452851,-2.959834358,-1.103903214,0.001442837,0.286820616,0.014283873,0.0148,0.0493,0.0395,0.0345,0.0081,0.000527983
1605,9/1/2004,-4.063251595,-4.053931258,-2.959763322,-1.103488273,0.00070568,0.289485302,0.009135484,0.0165,0.0488,0.0096,0.0323,0.0081,0.002110818
1606,10/1/2004,-4.072327187,-4.058410231,-2.969189769,-1.103137418,0.001230487,0.291009597,0.007430718,0.0176,0.0478,0.0154,0.0302,0.0074,0.005265929
1607,11/1/2004,-4.105377928,-4.067509149,-3.002588115,-1.102789814,0.0008574,0.279831646,0.012180771,0.0207,0.0502,-0.0234,0.0295,0.0068,0.000523835
1608,12/1/2004,-4.132525483,-4.100582992,-3.030080068,-1.102445416,0.000727843,0.270619243,0.013000232,0.0219,0.0484,0.025,0.0265,0.0068,-0.003664922
1609,1/1/2005,-4.093574501,-4.119190249,-2.995001125,-1.098573377,0.000821397,0.278179856,0.013589627,0.0233,0.0465,0.03,0.0232,0.0066,0.002101944
1610,2/1/2005,-4.099141693,-4.080414758,-3.004355254,-1.094786439,0.000834446,0.271041024,0.011793903,0.0254,0.0479,-0.0128,0.0225,0.0062,0.005768222
1611,3/1/2005,-4.06685013,-4.086152882,-2.975765069,-1.09108506,0.000859896,0.319856889,0.009134996,0.0274,0.0488,-0.0072,0.0214,0.0066,0.007820647
1612,4/1/2005,-4.035067405,-4.055380924,-2.938764914,-1.096302491,0.001825871,0.329624401,0.00797437,0.0278,0.0461,0.0373,0.0183,0.0072,0.006725298
1613,5/1/2005,-4.053235643,-4.023723419,-2.951862775,-1.101372868,0.000859393,0.320965505,0.00587966,0.0284,0.044,0.0297,0.0156,0.0086,-0.001027749
1614,6/1/2005,-4.041880993,-4.04202368,-2.935572391,-1.106308602,0.000542133,0.326979057,0.005362935,0.0297,0.0429,0.0167,0.0132,0.009,0.000514403
1615,7/1/2005,-4.068557322,-4.03322087,-2.954135976,-1.114421346,0.000649913,0.315734275,0.004490306,0.0322,0.0456,-0.0288,0.0134,0.0089,0.004627249
1616,8/1/2005,-4.048686086,-4.059971554,-2.926354334,-1.122331751,0.000696701,0.320533125,0.005417017,0.0344,0.0432,0.0333,0.0088,0.0087,0.005117707
1617,9/1/2005,-4.047098313,-4.040173406,-2.917050782,-1.130047531,0.000659899,0.31789151,0.006736121,0.0342,0.0464,-0.0338,0.0122,0.009,0.012219959
1618,10/1/2005,-4.01770024,-4.035600234,-2.882441463,-1.135258777,0.001817984,0.321808187,0.005761303,0.0371,0.0484,-0.0196,0.0113,0.0095,0.002012072
1619,11/1/2005,-4.040909551,-4.006328313,-2.900587995,-1.140321556,0.000539896,0.310914346,0.005781409,0.0388,0.0481,0.0076,0.0093,0.0097,-0.008032129
1620,12/1/2005,-4.028717144,-4.029669994,-2.883466177,-1.145250967,0.000433,0.313477957,0.003079044,0.0389,0.0461,0.0267,0.0072,0.0095,-0.004048583
1621,1/1/2006,-4.045380317,-4.020232356,-2.895148004,-1.150232312,0.000975388,0.309226258,-0.000412495,0.0424,0.0474,-0.0118,0.005,0.0095,0.007621951
1622,2/1/2006,-4.037415484,-4.036962489,-2.882315189,-1.155100294,0.000648551,0.305610361,0.00206877,0.0443,0.0457,0.0238,0.0014,0.0092,0.002017146
1623,3/1/2006,-4.040107048,-4.029072314,-2.880236938,-1.159870109,0.000545238,0.316009441,0.002177475,0.0451,0.0507,-0.0539,0.0056,0.0088,0.005535984
1624,4/1/2006,-4.04267983,-4.030597457,-2.88400527,-1.15867456,0.000599801,0.308841978,-0.003448736,0.046,0.0532,-0.0247,0.0072,0.0084,0.008508509
1625,5/1/2006,-4.001859214,-4.033264127,-2.844356222,-1.157502992,0.001355149,0.314340308,-0.002630287,0.0472,0.0535,0.001,0.0063,0.008,0.004962779
1626,6/1/2006,-3.992613677,-3.992527073,-2.836264759,-1.156348918,0.002102821,0.31485029,-0.002163705,0.0479,0.0531,0.0092,0.0052,0.0089,0.001975309
1627,7/1/2006,-3.988356199,-3.983283274,-2.823244866,-1.165111333,0.001451665,0.313852175,-0.002346166,0.0495,0.0518,0.0199,0.0023,0.0091,0.002957122
1628,8/1/2006,-4.000167361,-3.979116236,-2.826524714,-1.173642647,0.000469238,0.308461799,-0.008455935,0.0496,0.0496,0.0299,0,0.0091,0.001965602
1629,9/1/2006,-4.015277221,-3.991007845,-2.833333125,-1.181944096,0.000513377,0.300593284,-0.009413185,0.0481,0.0484,0.017,0.0003,0.0092,-0.004904365
1630,10/1/2006,-4.035455834,-4.004433997,-2.851959154,-1.18349668,0.000450577,0.290599161,-0.00891706,0.0492,0.0481,0.0077,-0.0011,0.0091,-0.00542139
1631,11/1/2006,-4.041065492,-4.024732987,-2.856047629,-1.185017864,0.000592203,0.287241868,-0.015093948,0.0494,0.0467,0.0207,-0.0027,0.0087,-0.00148662
1632,12/1/2006,-4.042989224,-4.030452388,-2.856488538,-1.186500685,0.000357509,0.2816824,-0.01495576,0.0485,0.0491,-0.0236,0.0006,0.009,0.001488834
1633,1/1/2007,-4.048813681,-4.034852508,-2.863764951,-1.18504873,0.000450485,0.278144211,-0.014000172,0.0498,0.0502,-0.0102,0.0004,0.0094,0.003052527
1634,2/1/2007,-4.018650378,-4.040738684,-2.835037486,-1.183612892,0.001476815,0.286148494,-0.015144009,0.0503,0.0477,0.0335,-0.0026,0.0089,0.005350368
1635,3/1/2007,-4.020574471,-4.010643987,-2.838371395,-1.182203075,0.001587551,0.269050014,-0.012490694,0.0494,0.0493,-0.0145,-0.0001,0.0097,0.009105696
1636,4/1/2007,-4.054155754,-4.011775918,-2.873678288,-1.180477466,0.000582144,0.254456169,-0.008913342,0.0487,0.0489,0.0085,0.0002,0.0092,0.006496163
1637,5/1/2007,-4.077460811,-4.045430087,-2.898684558,-1.178776253,0.00069655,0.243911494,-0.010283889,0.0473,0.051,-0.02,0.0037,0.0092,0.006110719
1638,6/1/2007,-4.050837514,-4.068814445,-2.87373335,-1.177104163,0.001472429,0.24789561,-0.011025958,0.0461,0.0521,-0.0091,0.006,0.0091,0.001937975
1639,7/1/2007,-4.00809519,-4.040599691,-2.866348393,-1.141746797,0.002426262,0.251584964,-0.015258346,0.0482,0.0501,0.0284,0.0019,0.0092,-0.000254377
1640,8/1/2007,-4.010738933,-3.997957374,-2.90489802,-1.105840914,0.005134044,0.248839851,-0.012201187,0.042,0.0487,0.0199,0.0067,0.0086,-0.001833902
1641,9/1/2007,-4.035874853,-4.000706569,-2.966515967,-1.069358886,0.001868431,0.239207437,-0.013064105,0.0389,0.0489,0.0012,0.01,0.0085,0.002755907
1642,10/1/2007,-4.04131653,-4.026602973,-3.03533866,-1.00597787,0.001682891,0.23861706,-0.017960687,0.039,0.048,0.0155,0.009,0.0082,0.002139191
1643,11/1/2007,-3.9870834,-4.03212619,-3.047501133,-0.939582268,0.00563682,0.248579692,-0.02521374,0.0327,0.0445,0.0468,0.0118,0.0096,0.005939618
1644,12/1/2007,-3.96931443,-3.977980359,-3.099512531,-0.869801899,0.002345333,0.250582973,-0.041659672,0.03,0.045,-0.0029,0.015,0.0116,-0.000670863
1645,1/1/2008,-3.899372593,-3.962486502,-3.065994882,-0.83337771,0.004831799,0.262754422,-0.044180888,0.0275,0.0436,0.0213,0.0161,0.0121,0.004970577
1646,2/1/2008,-3.857211262,-3.89259097,-3.061114159,-0.796097102,0.003225655,0.270979321,-0.050615864,0.0212,0.0438,0.0018,0.0226,0.0129,0.002904112
1647,3/1/2008,-3.844497908,-3.85047532,-3.086595261,-0.757902646,0.006337649,0.254057567,-0.052871139,0.0126,0.0432,0.0106,0.0306,0.0138,0.008668213
1648,4/1/2008,-3.886130427,-3.839679487,-3.184119287,-0.70201114,0.002903691,0.243014696,-0.049831668,0.0129,0.0458,-0.0288,0.0329,0.0142,0.006064778
1649,5/1/2008,-3.891956199,-3.881338612,-3.248559476,-0.643396723,0.001640662,0.246510612,-0.046378955,0.0173,0.0475,-0.0164,0.0302,0.0136,0.008420886
1650,6/1/2008,-3.797300203,-3.887183753,-3.215561012,-0.581739191,0.003425177,0.274491388,-0.048432166,0.0186,0.046,0.022,0.0274,0.0139,0.010076997
1651,7/1/2008,-3.785745863,-3.795654164,-3.241456416,-0.544289447,0.004465911,0.273815655,-0.047968025,0.0163,0.0465,-0.0025,0.0302,0.0149,0.005251011
1652,8/1/2008,-3.796215855,-3.784099057,-3.290704483,-0.505511372,0.003447891,0.269889246,-0.047467153,0.0172,0.0449,0.0242,0.0277,0.0151,-0.003991562
1653,9/1/2008,-3.699394436,-3.794575222,-3.234089218,-0.465305217,0.023774695,0.287123548,-0.050347756,0.0113,0.0443,0.0112,0.033,0.0166,-0.001383019
1654,10/1/2008,-3.519168693,-3.70480518,-3.303849163,-0.21531953,0.058088493,0.334099374,-0.057677107,0.0067,0.0478,-0.0383,0.0411,0.026,-0.010101333
1655,11/1/2008,-3.446807023,-3.524605369,-3.56990895,0.123101927,0.036257085,0.352867356,-0.054575626,0.0019,0.0372,0.1443,0.0353,0.0309,-0.019152895
1656,12/1/2008,-3.460068076,-3.45227694,-4.105981341,0.645913264,0.020089947,0.354984225,-0.02479255,3.00E-04,0.0303,0.0967,0.03,0.0338,-0.010342474
1657,1/1/2009,-3.383898606,-3.473448491,-4.214464503,0.830565897,0.011971097,0.38939314,-0.025353737,0.0013,0.0394,-0.1124,0.0381,0.0309,0.004352417
1658,2/1/2009,-3.281007562,-3.397464106,-4.345202008,1.064194446,0.009961162,0.441103055,-0.025328579,0.003,0.0401,-0.0056,0.0371,0.0281,0.004972933
1659,3/1/2009,-3.376708686,-3.29475595,-4.756238235,1.379529549,0.020364428,0.296528285,-0.037790431,0.0021,0.0355,0.0641,0.0334,0.0292,0.002431749
1660,4/1/2009,-3.487005638,-3.397233424,-4.814910194,1.327904556,0.007551066,0.276227578,-0.0313883,0.0016,0.041,-0.0649,0.0394,0.03,0.002496368
1661,5/1/2009,-3.559677218,-3.507956659,-4.836482332,1.276805114,0.006381091,0.265432048,-0.024804885,0.0018,0.0432,-0.0248,0.0414,0.0252,0.002888764
1662,6/1/2009,-3.581276317,-3.581080501,-4.807398801,1.226122483,0.003472523,0.267107849,-0.022546484,0.0018,0.0429,0.0083,0.0411,0.0189,0.008589892
1663,7/1/2009,-3.675093124,-3.603571147,-4.677399457,1.002306334,0.003771153,0.246004791,-0.014190025,0.0018,0.043,0.0019,0.0412,0.0168,-0.001585587
1664,8/1/2009,-3.730909778,-3.697900456,-4.542775429,0.811865651,0.002177735,0.23759409,-0.008173733,0.0017,0.0415,0.0231,0.0398,0.0132,0.00224285
1665,9/1/2009,-3.78934537,-3.754245266,-4.434342134,0.644996764,0.001912658,0.232310024,-6.99E-05,0.0012,0.0403,0.0176,0.0391,0.0118,0.000625481
1666,10/1/2009,-3.790471496,-3.810431361,-3.710527074,-0.079944422,0.003898019,0.232299261,0.003145696,7.00E-04,0.042,-0.0171,0.0413,0.0114,0.000963101
1667,11/1/2009,-3.86778635,-3.812007334,-3.357296973,-0.510489377,0.002001332,0.218104872,0.007463657,5.00E-04,0.0406,0.0208,0.0401,0.0113,0.000707753
1668,12/1/2009,-3.907415218,-3.889800671,-3.085462142,-0.821953076,0.000933454,0.216364517,0.010541146,5.00E-04,0.0458,-0.0584,0.0453,0.0111,-0.001761198
1669,1/1/2010,-3.877221688,-3.914896829,-2.984684177,-0.892537511,0.001991705,0.22411702,0.013356726,6.00E-04,0.0441,0.0264,0.0435,0.0099,0.003417474
1670,2/1/2010,-3.912874439,-3.884759695,-2.953442805,-0.959431634,0.002373256,0.218518468,0.013860589,0.0011,0.0441,0.0032,0.043,0.0099,0.000249207
1671,3/1/2010,-3.977602461,-3.9204697,-2.954546065,-1.023056396,0.000633437,0.38187817,0.026335556,0.0015,0.0458,-0.0179,0.0443,0.01,0.004106284
1672,4/1/2010,-3.99023351,-3.975582042,-2.935999605,-1.054233905,0.001793867,0.376606129,0.026615708,0.0016,0.0437,0.0304,0.0421,0.0096,0.001736885
1673,5/1/2010,-3.902680964,-3.988212618,-2.818338342,-1.084342622,0.008107791,0.409002795,0.025681237,0.0016,0.0407,0.0437,0.0391,0.0109,0.000775197
1674,6/1/2010,-3.845280305,-3.900668685,-2.73181912,-1.113461185,0.005591726,0.424176542,0.018713216,0.0012,0.0376,0.0446,0.0364,0.0135,-0.000976267
1675,7/1/2010,-3.907029141,-3.840513358,-2.774963362,-1.132065779,0.003348826,0.396133553,0.015505339,0.0016,0.0377,0.0024,0.0361,0.0129,0.000211043
1676,8/1/2010,-3.853668512,-3.902280315,-2.703515218,-1.150153293,0.002704607,0.413981619,0.011107182,0.0016,0.0327,0.0702,0.0311,0.0117,0.001380664
1677,9/1/2010,-3.932875079,-3.848946604,-2.765115838,-1.167759241,0.002337192,0.384305783,0.003227151,0.0015,0.0341,-0.0153,0.0326,0.0113,0.000581736
1678,10/1/2010,-3.963478221,-3.92728522,-2.776161515,-1.187316705,0.001080044,0.372887286,0.00713246,0.0013,0.0367,-0.0317,0.0354,0.0104,0.001245199
1679,11/1/2010,-3.955622101,-3.95791501,-2.749338189,-1.206283912,0.001737916,0.376694754,0.014747483,0.0014,0.038,-0.0137,0.0366,0.0105,0.000420646
1680,12/1/2010,-4.013350586,-3.950094068,-2.788651651,-1.224698935,0.00083212,0.358100317,0.012555446,0.0014,0.0414,-0.0388,0.04,0.0108,0.001718441
1681,1/1/2011,-4.025500988,-4.003108003,-2.794123325,-1.231377663,0.00086324,0.348632224,0.015307456,0.0015,0.0432,-0.0196,0.0417,0.0105,0.00476323
1682,2/1/2011,-4.046818848,-4.015362253,-2.808940181,-1.237878667,0.001065549,0.339096574,0.015887735,0.0013,0.0426,0.0113,0.0413,0.0093,0.004931365
1683,3/1/2011,-4.035734025,-4.036781876,-2.791524947,-1.244209078,0.002347269,0.354269939,0.012445488,0.001,0.0429,-6.00E-04,0.0419,0.009,0.009751072
1684,4/1/2011,-4.050969615,-4.022872698,-2.809182143,-1.241787471,0.000636542,0.340696801,0.009354734,6.00E-04,0.0416,0.0199,0.041,0.0086,0.00643943
1685,5/1/2011,-4.024674549,-4.038267443,-2.785256187,-1.239418361,0.000934191,0.347222189,0.009086018,4.00E-04,0.0391,0.0355,0.0387,0.0082,0.004704188
1686,6/1/2011,-3.993709575,-4.012135809,-2.756603766,-1.23710581,0.002294749,0.351570039,0.011718139,4.00E-04,0.0409,-0.0179,0.0405,0.0076,-0.001070967
1687,7/1/2011,-3.960563642,-3.982272009,-2.722610373,-1.237953269,0.001830759,0.359418903,0.012368573,4.00E-04,0.0378,0.0422,0.0374,0.0083,0.000886046
1688,8/1/2011,-3.890787924,-3.949255416,-2.652008111,-1.238779813,0.019222199,0.375812522,0.012766968,2.00E-04,0.0315,0.0862,0.0313,0.0099,0.002757589
1689,9/1/2011,-3.805139018,-3.879606146,-2.565550553,-1.239588465,0.006915736,0.399922847,0.013200872,1.00E-04,0.0265,0.0704,0.0264,0.0118,0.001518462
1690,10/1/2011,-3.891110983,-3.788804391,-2.66797212,-1.223138863,0.007400881,0.365077905,0.007910972,2.00E-04,0.0291,-0.0306,0.0289,0.0139,-0.002062683
1691,11/1/2011,-3.869971255,-3.875042738,-2.663015625,-1.206955629,0.007679543,0.362329898,-0.004353218,1.00E-04,0.0273,0.0251,0.0272,0.0127,-0.000843561
1692,12/1/2011,-3.86264989,-3.854153336,-2.671627181,-1.191022709,0.002764065,0.357232541,-0.006504662,1.00E-04,0.0255,0.027,0.0254,0.0132,-0.002466516
1693,1/1/2012,-3.893673036,-3.851013037,-2.708210225,-1.185462811,0.000648156,0.345487303,-0.013087353,3.00E-04,0.0249,2.00E-04,0.0246,0.0138,0.004400191
1694,2/1/2012,-3.921953676,-3.882166345,-2.741957308,-1.179996368,0.000623691,0.336973935,-0.014483495,9.00E-04,0.0272,-0.0196,0.0263,0.0129,0.004402974
1695,3/1/2012,-3.941433076,-3.91058154,-2.766804861,-1.174628215,0.001155302,0.346181967,-0.013792107,8.00E-04,0.0297,-0.0302,0.0289,0.0124,0.007594559
1696,4/1/2012,-3.922193224,-3.929718969,-2.761616383,-1.160576841,0.001627534,0.346140311,-0.012420687,8.00E-04,0.0268,0.0409,0.026,0.0123,0.00302103
1697,5/1/2012,-3.845911929,-3.910611179,-2.699258741,-1.146653188,0.001496093,0.36904736,-0.016079227,9.00E-04,0.0221,0.0643,0.0212,0.0127,-0.001173479
1698,6/1/2012,-3.873258685,-3.834466024,-2.740399644,-1.132859041,0.003437258,0.355103885,-0.019831607,9.00E-04,0.0233,-0.0136,0.0224,0.0138,-0.001466397
1699,7/1/2012,-3.870941206,-3.858422258,-2.758316438,-1.112624768,0.001552866,0.351593705,-0.021108259,0.001,0.0216,0.0247,0.0206,0.0147,-0.001629786
1700,8/1/2012,-3.875888858,-3.856318256,-2.78331533,-1.092573527,0.000727126,0.349387052,-0.020552361,0.001,0.0223,-0.0068,0.0213,0.0143,0.005565158
1701,9/1/2012,-3.885427096,-3.861480039,-2.812719148,-1.072707948,0.001044683,0.340382954,-0.018255856,0.0011,0.0235,-0.0146,0.0224,0.0135,0.004462212
1702,10/1/2012,-3.846946225,-3.866934061,-2.792693163,-1.054253063,0.000925526,0.349237122,-0.016443672,0.001,0.0238,-0.0014,0.0228,0.0111,-0.000388925
1703,11/1/2012,-3.831631641,-3.828788983,-2.795496517,-1.036135124,0.001902651,0.351137531,-0.012811217,9.00E-04,0.0228,0.0144,0.0219,0.0101,-0.004738087
1704,12/1/2012,-3.820841661,-3.813798214,-2.802501818,-1.018339843,0.001035712,0.349032443,-0.012265589,7.00E-04,0.0246,-0.0202,0.0239,0.0098,-0.002693065
1705,1/1/2013,-3.860852039,-3.811654279,-2.847124463,-1.013727576,0.00090677,0.329984027,-0.008679204,7.00E-04,0.0291,-0.0332,0.0284,0.0093,0.002957304
1706,2/1/2013,-3.862751322,-3.85175144,-2.853571212,-1.00918011,0.001242766,0.325431232,-0.009525715,0.001,0.0285,0.0114,0.0275,0.0095,0.00819003
1707,3/1/2013,-3.889088164,-3.853732797,-2.884392942,-1.004695221,0.000484499,0.346129997,-0.00954821,9.00E-04,0.0287,-0.0062,0.0278,0.0092,0.002614509
1708,4/1/2013,-3.895100458,-3.877176296,-2.890040435,-1.005060024,0.00168273,0.340036254,-0.008668408,6.00E-04,0.0264,0.0378,0.0258,0.0086,-0.00103964
1709,5/1/2013,-3.903878989,-3.883328814,-2.898461717,-1.005417272,0.00101556,0.333832598,-0.004689751,4.00E-04,0.0309,-0.0629,0.0305,0.0084,0.001780408
1710,6/1/2013,-3.877131353,-3.892244306,-2.871366321,-1.005765032,0.002247641,0.338444358,0.000141279,5.00E-04,0.033,-0.0285,0.0325,0.0092,0.002399708
1711,7/1/2013,-3.914074666,-3.865796908,-2.907187624,-1.006887042,0.000502077,0.325562565,0.008390397,4.00E-04,0.0344,-0.0173,0.034,0.0098,0.000393998
1712,8/1/2013,-3.87106899,-3.902867252,-2.863086163,-1.007982827,0.000950438,0.340713327,0.010357496,4.00E-04,0.0351,-0.0079,0.0347,0.0088,0.001202932
1713,9/1/2013,-3.889301336,-3.859985792,-2.88024804,-1.009053296,0.000622229,0.333521485,0.010141944,2.00E-04,0.0349,0.0061,0.0347,0.0083,0.001163005
1714,10/1/2013,-3.927247562,-3.883617584,-2.903494825,-1.023752737,0.001438361,0.324594825,0.009646746,5.00E-04,0.0342,0.0128,0.0337,0.0078,-0.002575283
1715,11/1/2013,-3.949262086,-3.921598806,-2.911181082,-1.038081004,0.000644417,0.313685278,0.010345557,7.00E-04,0.0361,-0.0236,0.0354,0.0075,-0.002042424
1716,12/1/2013,-3.966934574,-3.94364506,-2.91488585,-1.052048725,0.000745536,0.304408126,0.012183503,7.00E-04,0.0378,-0.0207,0.0371,0.0076,-8.58E-05
1717,1/1/2014,-3.919000658,-3.955232055,-2.876494114,-1.042506545,0.001303569,0.321429277,0.013791679,4.00E-04,0.0342,0.0548,0.0338,0.007,0.003720248
1718,2/1/2014,-3.949646887,-3.907433505,-2.916552807,-1.03309408,0.001253563,0.309163072,0.016615426,5.00E-04,0.0339,0.0074,0.0334,0.0065,0.003697909
1719,3/1/2014,-3.945120245,-3.938212004,-2.92131,-1.023810245,0.000869064,0.350616066,0.016464203,5.00E-04,0.0337,0.0063,0.0332,0.0068,0.006440044
1720,4/1/2014,-3.94074986,-3.934568209,-2.920016438,-1.020733422,0.001362664,0.348011319,0.016696846,3.00E-04,0.0326,0.0181,0.0323,0.0066,0.003296755
1721,5/1/2014,-3.951120206,-3.930308008,-2.933409864,-1.017710342,0.000555193,0.345173256,0.014026564,3.00E-04,0.0309,0.0279,0.0306,0.006,0.00349261
1722,6/1/2014,-3.959662564,-3.940783585,-2.944923734,-1.01473883,0.000281999,0.342928459,0.013931428,4.00E-04,0.0313,-0.0025,0.0309,0.0055,0.001862127
1723,7/1/2014,-3.934583917,-3.949778638,-2.920590332,-1.013993585,0.000949121,0.348379852,0.008473414,3.00E-04,0.031,0.0057,0.0307,0.0057,-0.000390194
1724,8/1/2014,-3.961760398,-3.924796728,-2.948499033,-1.013261365,0.000546197,0.337476204,0.006770481,3.00E-04,0.0287,0.0369,0.0284,0.0061,-0.001670514
1725,9/1/2014,-3.913352178,-3.95206807,-2.900808486,-1.012543693,0.000721014,0.338576181,0.008024655,2.00E-04,0.03,-0.017,0.0298,0.0069,0.000752569
1726,10/1/2014,-3.951188419,-3.905171592,-2.958374383,-0.992814037,0.002943964,0.331808365,0.008068786,2.00E-04,0.0282,0.03,0.028,0.0077,-0.002512278
1727,11/1/2014,-3.967311681,-3.943074212,-2.994294897,-0.973016785,0.000150262,0.323661786,0.006925864,2.00E-04,0.0264,0.0286,0.0262,0.0087,-0.005399418
1728,12/1/2014,-3.955068012,-3.95926532,-3.001919719,-0.953148293,0.001992841,0.323755672,0.005642457,3.00E-04,0.0246,0.029,0.0243,0.0095,-0.005670101
1729,1/1/2015,-3.912078145,-3.943610967,-2.980406627,-0.931671518,0.002226648,0.336168763,0.000212996,3.00E-04,0.02,0.0709,0.0197,0.0099,-0.004705892
1730,2/1/2015,-3.95418975,-3.900750879,-3.043966641,-0.91022311,0.00081352,0.318227291,-0.003759885,2.00E-04,0.0238,-0.0523,0.0236,0.009,0.004343045
1731,3/1/2015,-3.92544021,-3.942989355,-3.036642123,-0.888798087,0.00172038,0.307454045,-0.006899835,3.00E-04,0.023,0.0137,0.0227,0.009,0.005951722
1732,4/1/2015,-3.926312999,-3.917828333,-3.05981039,-0.866502609,0.000574338,0.30634421,-0.007086677,2.00E-04,0.0249,-0.025,0.0247,0.0096,0.002032873
1733,5/1/2015,-3.92919541,-3.918758625,-3.085148563,-0.844046847,0.000887003,0.303449953,-0.007509569,2.00E-04,0.0262,-0.0159,0.026,0.0091,0.005097232
1734,6/1/2015,-3.900462016,-3.921697678,-3.079040758,-0.821421258,0.001052136,0.310186833,-0.008101612,2.00E-04,0.0285,-0.0298,0.0283,0.0094,0.00350287
1735,7/1/2015,-3.913895146,-3.894345453,-3.113629749,-0.800265397,0.001159778,0.308953265,-0.008071148,3.00E-04,0.0263,0.0329,0.026,0.0105,6.70E-05
1736,8/1/2015,-3.843188685,-3.907813402,-3.064272884,-0.778915802,0.005846996,0.330670987,-0.009536075,7.00E-04,0.0264,0.0012,0.0257,0.0115,-0.001416276
1737,9/1/2015,-3.810347338,-3.837146057,-3.052979844,-0.757367494,0.004053479,0.335611955,-0.012910211,2.00E-04,0.0253,0.0174,0.0251,0.0127,-0.001556757
1738,10/1/2015,-3.883209576,-3.803490233,-3.148000973,-0.735208603,0.001618901,0.309413628,-0.016208858,2.00E-04,0.0259,-0.0053,0.0257,0.0139,-0.000449684
1739,11/1/2015,-3.876904006,-3.87639917,-3.164044244,-0.712859762,0.001118722,0.308429158,-0.017810326,0.0012,0.0265,-0.0065,0.0253,0.014,-0.00211068
1740,12/1/2015,-3.852453996,-3.870139668,-3.162143422,-0.690310574,0.002838566,0.313648814,-0.02161058,0.0023,0.0268,-0.0022,0.0245,0.0149,-0.003417096
1741,1/1/2016,-3.796643475,-3.848711116,-3.110422542,-0.686220933,0.004301248,0.33191063,-0.020262949,0.0026,0.0236,0.0476,0.021,0.0145,0.001653102
1742,2/1/2016,-3.788777652,-3.792914552,-3.106632522,-0.682145129,0.002601507,0.330901825,-0.024024342,0.0031,0.0217,0.0294,0.0186,0.0138,0.000823077
1743,3/1/2016,-3.848969846,-3.785064861,-3.170884509,-0.678085337,0.001274177,0.327954791,-0.022999536,0.0029,0.0218,-3.00E-04,0.0189,0.0131,0.004306
1744,4/1/2016,-3.84723788,-3.844542147,-3.171730958,-0.675506922,0.000817784,0.326320889,-0.023640253,0.0023,0.0223,-0.0053,0.02,0.0117,0.004741068
1745,5/1/2016,-3.858040372,-3.842831958,-3.185093501,-0.672946871,0.000995577,0.326072119,-0.027094455,0.0027,0.0219,0.0082,0.0192,0.0103,0.004045791
1746,6/1/2016,-3.85456196,-3.853651528,-3.184161464,-0.670400496,0.002864437,0.323475362,-0.028682197,0.0027,0.0179,0.059,0.0152,0.0103,0.003284366
1747,7/1/2016,-3.885319346,-3.850328907,-3.21086489,-0.674454456,0.000477647,0.314661159,-0.031668542,0.003,0.0175,0.0081,0.0145,0.0094,-0.001618136
1748,8/1/2016,-3.879884217,-3.881104136,-3.201424937,-0.67845928,0.000279168,0.315197425,-0.030727701,0.003,0.0186,-0.014,0.0156,0.0092,0.00091843
1749,9/1/2016,-3.874451456,-3.875686701,-3.192037799,-0.682413657,0.001673103,0.316793887,-0.032627705,0.0029,0.0196,-0.0124,0.0167,0.009,0.002403996
1750,10/1/2016,-3.849849972,-3.869466754,-3.152198105,-0.697651866,0.00036407,0.319687782,-0.028999717,0.0033,0.022,-0.0314,0.0187,0.0087,0.001246749
1751,11/1/2016,-3.878495666,-3.844892193,-3.165979539,-0.712516126,0.000946368,0.303285786,-0.027394397,0.0045,0.0267,-0.0599,0.0222,0.0085,-0.001555461
1752,12/1/2016,-3.89159726,-3.873560157,-3.164579892,-0.727017368,0.000524022,0.293479097,-0.024810037,0.0051,0.0272,-0.0057,0.0221,0.0077,0.000327321
